{
  "The Rock Shield": {
    "rock": 244,
    "punk": 53,
    "grunge": 6,
    "hard rock": 27,
    "alternative rock": 42,
    "psychedelic rock": 10,
    "progressive rock": 12,
    "indie rock": 43,
    "rock & roll": 41,
    "rockabilly": 18,
    "surf rock": 1,
    "garage rock": 8,
    "post-punk": 10,
    "new wave": 17,
    "shoegaze": 3,
    "emo": 3,
    "pop-punk": 5,
    "post-rock": 8,
    "stoner rock": 2,
    "hardcore": 16
  },
  "The Electronic Frontier": {
    "electronic": 183,
    "techno": 30,
    "house": 42,
    "trance": 10,
    "ambient": 37,
    "idm": 7,
    "drum and bass": 6,
    "jungle": 4,
    "dubstep": 3,
    "downtempo": 21,
    "synth-pop": 31,
    "electro": 23,
    "industrial": 11,
    "glitch": 0,
    "eurodance": 0,
    "hardstyle": 0,
    "synthwave": 2,
    "trip hop": 5,
    "breakbeat": 2,
    "vaporwave": 13,
    "chiptune": 5,
    "chillout": 3,
    "lounge": 0
  },
  "The Hip-Hop Basin": {
    "hip hop": 42,
    "trap": 8,
    "boom bap": 9,
    "gangsta rap": 2,
    "r&b": 13,
    "soul": 16,
    "funk": 18,
    "disco": 18,
    "motown": 1,
    "neo soul": 3,
    "g-funk": 1,
    "lo-fi": 18,
    "mumble rap": 0
  },
  "The Jazz & Blues Delta": {
    "jazz": 126,
    "blues": 43,
    "swing": 22,
    "bebop": 0,
    "cool jazz": 8,
    "fusion": 5,
    "ragtime": 1,
    "hard bop": 5,
    "delta blues": 1,
    "chicago blues": 1,
    "soul jazz": 4,
    "bossa nova": 1
  },
  "The Pop Archipelago": {
    "pop": 224,
    "teen pop": 0,
    "dance-pop": 5,
    "europop": 6,
    "k-pop": 1,
    "j-pop": 12,
    "power pop": 5,
    "indie pop": 8,
    "dream pop": 4,
    "bubblegum pop": 0,
    "traditional pop": 3
  },
  "The Folk & Roots Plains": {
    "folk": 33,
    "country": 28,
    "bluegrass": 1,
    "americana": 0,
    "acoustic": 4,
    "singer-songwriter": 3,
    "celtic": 1,
    "flamenco": 1,
    "latin": 19,
    "afrobeat": 1,
    "gospel": 0
  },
  "The Metal Peaks": {
    "metal": 32,
    "heavy metal": 18,
    "black metal": 3,
    "death metal": 7,
    "thrash metal": 4,
    "doom metal": 1,
    "nu metal": 0,
    "sludge": 1,
    "gothic metal": 1,
    "power metal": 0,
    "metalcore": 4,
    "grindcore": 1
  },
  "The Tropical Pulse": {
    "reggae": 7,
    "ska": 2,
    "dub": 2,
    "rocksteady": 0,
    "dancehall": 1,
    "soca": 0,
    "reggaeton": 2
  },
  "The Avant-Garde Isles": {
    "experimental": 58,
    "noise": 7,
    "avant-garde": 10,
    "modern classical": 3,
    "minimalism": 0,
    "drone": 3,
    "dark ambient": 4,
    "soundtrack": 13,
    "classical": 68
  }
}