{
  "The Rock Shield": {
    "rock": 213,
    "punk": 39,
    "grunge": 2,
    "hard rock": 9,
    "alternative rock": 21,
    "psychedelic rock": 2,
    "progressive rock": 4,
    "indie rock": 22,
    "rock & roll": 45,
    "rockabilly": 23,
    "surf rock": 1,
    "garage rock": 7,
    "post-punk": 8,
    "new wave": 16,
    "shoegaze": 3,
    "emo": 3,
    "pop-punk": 5,
    "post-rock": 3,
    "stoner rock": 1,
    "hardcore": 11
  },
  "The Electronic Frontier": {
    "electronic": 160,
    "techno": 29,
    "house": 37,
    "trance": 5,
    "ambient": 27,
    "idm": 6,
    "drum and bass": 6,
    "jungle": 4,
    "dubstep": 3,
    "downtempo": 18,
    "synth-pop": 26,
    "electro": 20,
    "industrial": 9,
    "glitch": 0,
    "eurodance": 0,
    "hardstyle": 0,
    "synthwave": 2,
    "trip hop": 3,
    "breakbeat": 2,
    "vaporwave": 14,
    "chiptune": 5,
    "chillout": 3,
    "lounge": 1
  },
  "The Hip-Hop Basin": {
    "hip hop": 35,
    "trap": 5,
    "boom bap": 8,
    "gangsta rap": 1,
    "r&b": 8,
    "soul": 13,
    "funk": 8,
    "disco": 13,
    "motown": 0,
    "neo soul": 0,
    "g-funk": 1,
    "lo-fi": 16,
    "mumble rap": 0
  },
  "The Jazz & Blues Delta": {
    "jazz": 137,
    "blues": 21,
    "swing": 15,
    "bebop": 1,
    "cool jazz": 7,
    "fusion": 5,
    "ragtime": 0,
    "hard bop": 17,
    "delta blues": 1,
    "chicago blues": 1,
    "soul jazz": 3,
    "bossa nova": 1
  },
  "The Pop Archipelago": {
    "pop": 186,
    "teen pop": 0,
    "dance-pop": 1,
    "europop": 7,
    "k-pop": 1,
    "j-pop": 12,
    "power pop": 5,
    "indie pop": 3,
    "dream pop": 1,
    "bubblegum pop": 0,
    "traditional pop": 3
  },
  "The Folk & Roots Plains": {
    "folk": 20,
    "country": 25,
    "bluegrass": 1,
    "americana": 1,
    "acoustic": 0,
    "singer-songwriter": 2,
    "celtic": 1,
    "flamenco": 1,
    "latin": 19,
    "afrobeat": 1,
    "gospel": 2
  },
  "The Metal Peaks": {
    "metal": 18,
    "heavy metal": 6,
    "black metal": 3,
    "death metal": 7,
    "thrash metal": 1,
    "doom metal": 0,
    "nu metal": 0,
    "sludge": 0,
    "gothic metal": 0,
    "power metal": 0,
    "metalcore": 4,
    "grindcore": 1
  },
  "The Tropical Pulse": {
    "reggae": 6,
    "ska": 2,
    "dub": 1,
    "rocksteady": 0,
    "dancehall": 0,
    "soca": 0,
    "reggaeton": 2
  },
  "The Avant-Garde Isles": {
    "experimental": 46,
    "noise": 6,
    "avant-garde": 5,
    "modern classical": 2,
    "minimalism": 0,
    "drone": 3,
    "dark ambient": 4,
    "soundtrack": 10,
    "classical": 78
  }
}