{
  "The Rock Shield": {
    "rock": 302,
    "punk": 41,
    "grunge": 2,
    "hard rock": 12,
    "alternative rock": 26,
    "psychedelic rock": 52,
    "progressive rock": 8,
    "indie rock": 25,
    "rock & roll": 43,
    "rockabilly": 18,
    "surf rock": 2,
    "garage rock": 19,
    "post-punk": 8,
    "new wave": 15,
    "shoegaze": 3,
    "emo": 3,
    "pop-punk": 5,
    "post-rock": 4,
    "stoner rock": 3,
    "hardcore": 11
  },
  "The Electronic Frontier": {
    "electronic": 165,
    "techno": 29,
    "house": 38,
    "trance": 5,
    "ambient": 30,
    "idm": 6,
    "drum and bass": 6,
    "jungle": 4,
    "dubstep": 3,
    "downtempo": 19,
    "synth-pop": 25,
    "electro": 21,
    "industrial": 9,
    "glitch": 0,
    "eurodance": 0,
    "hardstyle": 0,
    "synthwave": 2,
    "trip hop": 2,
    "breakbeat": 2,
    "vaporwave": 13,
    "chiptune": 5,
    "chillout": 3,
    "lounge": 1
  },
  "The Hip-Hop Basin": {
    "hip hop": 34,
    "trap": 5,
    "boom bap": 8,
    "gangsta rap": 1,
    "r&b": 8,
    "soul": 36,
    "funk": 17,
    "disco": 12,
    "motown": 4,
    "neo soul": 0,
    "g-funk": 1,
    "lo-fi": 17,
    "mumble rap": 0
  },
  "The Jazz & Blues Delta": {
    "jazz": 128,
    "blues": 35,
    "swing": 14,
    "bebop": 1,
    "cool jazz": 7,
    "fusion": 6,
    "ragtime": 0,
    "hard bop": 5,
    "delta blues": 1,
    "chicago blues": 1,
    "soul jazz": 4,
    "bossa nova": 3
  },
  "The Pop Archipelago": {
    "pop": 257,
    "teen pop": 0,
    "dance-pop": 1,
    "europop": 7,
    "k-pop": 1,
    "j-pop": 12,
    "power pop": 5,
    "indie pop": 4,
    "dream pop": 2,
    "bubblegum pop": 2,
    "traditional pop": 1
  },
  "The Folk & Roots Plains": {
    "folk": 45,
    "country": 27,
    "bluegrass": 1,
    "americana": 0,
    "acoustic": 1,
    "singer-songwriter": 2,
    "celtic": 1,
    "flamenco": 2,
    "latin": 22,
    "afrobeat": 1,
    "gospel": 0
  },
  "The Metal Peaks": {
    "metal": 18,
    "heavy metal": 6,
    "black metal": 3,
    "death metal": 7,
    "thrash metal": 1,
    "doom metal": 0,
    "nu metal": 0,
    "sludge": 0,
    "gothic metal": 0,
    "power metal": 0,
    "metalcore": 4,
    "grindcore": 2
  },
  "The Tropical Pulse": {
    "reggae": 15,
    "ska": 3,
    "dub": 1,
    "rocksteady": 5,
    "dancehall": 0,
    "soca": 0,
    "reggaeton": 2
  },
  "The Avant-Garde Isles": {
    "experimental": 54,
    "noise": 9,
    "avant-garde": 9,
    "modern classical": 3,
    "minimalism": 0,
    "drone": 4,
    "dark ambient": 5,
    "soundtrack": 13,
    "classical": 77
  }
}