{
  "The Rock Shield": {
    "rock": 346,
    "punk": 43,
    "grunge": 2,
    "hard rock": 22,
    "alternative rock": 21,
    "psychedelic rock": 57,
    "progressive rock": 9,
    "indie rock": 25,
    "rock & roll": 40,
    "rockabilly": 16,
    "surf rock": 1,
    "garage rock": 10,
    "post-punk": 8,
    "new wave": 15,
    "shoegaze": 3,
    "emo": 3,
    "pop-punk": 5,
    "post-rock": 4,
    "stoner rock": 6,
    "hardcore": 11
  },
  "The Electronic Frontier": {
    "electronic": 179,
    "techno": 29,
    "house": 36,
    "trance": 6,
    "ambient": 32,
    "idm": 6,
    "drum and bass": 6,
    "jungle": 4,
    "dubstep": 3,
    "downtempo": 17,
    "synth-pop": 25,
    "electro": 24,
    "industrial": 15,
    "glitch": 0,
    "eurodance": 0,
    "hardstyle": 0,
    "synthwave": 2,
    "trip hop": 2,
    "breakbeat": 2,
    "vaporwave": 13,
    "chiptune": 5,
    "chillout": 3,
    "lounge": 0
  },
  "The Hip-Hop Basin": {
    "hip hop": 35,
    "trap": 5,
    "boom bap": 8,
    "gangsta rap": 1,
    "r&b": 8,
    "soul": 40,
    "funk": 26,
    "disco": 14,
    "motown": 1,
    "neo soul": 0,
    "g-funk": 0,
    "lo-fi": 0,
    "mumble rap": 0
  },
  "The Jazz & Blues Delta": {
    "jazz": 118,
    "blues": 56,
    "swing": 12,
    "bebop": 1,
    "cool jazz": 2,
    "fusion": 6,
    "ragtime": 0,
    "hard bop": 4,
    "delta blues": 0,
    "chicago blues": 2,
    "soul jazz": 3,
    "bossa nova": 5
  },
  "The Pop Archipelago": {
    "pop": 248,
    "teen pop": 0,
    "dance-pop": 1,
    "europop": 6,
    "k-pop": 1,
    "j-pop": 12,
    "power pop": 5,
    "indie pop": 3,
    "dream pop": 1,
    "bubblegum pop": 0,
    "traditional pop": 1
  },
  "The Folk & Roots Plains": {
    "folk": 45,
    "country": 26,
    "bluegrass": 2,
    "americana": 2,
    "acoustic": 3,
    "singer-songwriter": 2,
    "celtic": 1,
    "flamenco": 1,
    "latin": 32,
    "afrobeat": 2,
    "gospel": 4
  },
  "The Metal Peaks": {
    "metal": 21,
    "heavy metal": 6,
    "black metal": 3,
    "death metal": 7,
    "thrash metal": 1,
    "doom metal": 0,
    "nu metal": 0,
    "sludge": 0,
    "gothic metal": 0,
    "power metal": 0,
    "metalcore": 4,
    "grindcore": 1
  },
  "The Tropical Pulse": {
    "reggae": 17,
    "ska": 5,
    "dub": 4,
    "rocksteady": 7,
    "dancehall": 2,
    "soca": 0,
    "reggaeton": 2
  },
  "The Avant-Garde Isles": {
    "experimental": 63,
    "noise": 8,
    "avant-garde": 15,
    "modern classical": 3,
    "minimalism": 0,
    "drone": 3,
    "dark ambient": 7,
    "soundtrack": 10,
    "classical": 72
  }
}