{
  "The Rock Shield": {
    "rock": 400,
    "punk": 42,
    "grunge": 2,
    "hard rock": 27,
    "alternative rock": 28,
    "psychedelic rock": 52,
    "progressive rock": 11,
    "indie rock": 24,
    "rock & roll": 52,
    "rockabilly": 18,
    "surf rock": 1,
    "garage rock": 13,
    "post-punk": 8,
    "new wave": 15,
    "shoegaze": 3,
    "emo": 3,
    "pop-punk": 5,
    "post-rock": 3,
    "stoner rock": 12,
    "hardcore": 11
  },
  "The Electronic Frontier": {
    "electronic": 165,
    "techno": 29,
    "house": 37,
    "trance": 6,
    "ambient": 29,
    "idm": 6,
    "drum and bass": 6,
    "jungle": 4,
    "dubstep": 4,
    "downtempo": 17,
    "synth-pop": 25,
    "electro": 22,
    "industrial": 9,
    "glitch": 1,
    "eurodance": 0,
    "hardstyle": 0,
    "synthwave": 2,
    "trip hop": 2,
    "breakbeat": 2,
    "vaporwave": 17,
    "chiptune": 5,
    "chillout": 3,
    "lounge": 1
  },
  "The Hip-Hop Basin": {
    "hip hop": 36,
    "trap": 5,
    "boom bap": 8,
    "gangsta rap": 1,
    "r&b": 5,
    "soul": 33,
    "funk": 19,
    "disco": 14,
    "motown": 1,
    "neo soul": 0,
    "g-funk": 1,
    "lo-fi": 16,
    "mumble rap": 0
  },
  "The Jazz & Blues Delta": {
    "jazz": 143,
    "blues": 79,
    "swing": 13,
    "bebop": 1,
    "cool jazz": 3,
    "fusion": 12,
    "ragtime": 0,
    "hard bop": 4,
    "delta blues": 1,
    "chicago blues": 2,
    "soul jazz": 3,
    "bossa nova": 4
  },
  "The Pop Archipelago": {
    "pop": 265,
    "teen pop": 0,
    "dance-pop": 1,
    "europop": 8,
    "k-pop": 1,
    "j-pop": 12,
    "power pop": 5,
    "indie pop": 5,
    "dream pop": 1,
    "bubblegum pop": 0,
    "traditional pop": 1
  },
  "The Folk & Roots Plains": {
    "folk": 46,
    "country": 41,
    "bluegrass": 2,
    "americana": 0,
    "acoustic": 2,
    "singer-songwriter": 3,
    "celtic": 1,
    "flamenco": 2,
    "latin": 26,
    "afrobeat": 1,
    "gospel": 3
  },
  "The Metal Peaks": {
    "metal": 23,
    "heavy metal": 9,
    "black metal": 3,
    "death metal": 7,
    "thrash metal": 1,
    "doom metal": 0,
    "nu metal": 0,
    "sludge": 0,
    "gothic metal": 0,
    "power metal": 0,
    "metalcore": 4,
    "grindcore": 1
  },
  "The Tropical Pulse": {
    "reggae": 13,
    "ska": 4,
    "dub": 2,
    "rocksteady": 2,
    "dancehall": 0,
    "soca": 0,
    "reggaeton": 2
  },
  "The Avant-Garde Isles": {
    "experimental": 54,
    "noise": 5,
    "avant-garde": 9,
    "modern classical": 3,
    "minimalism": 1,
    "drone": 3,
    "dark ambient": 4,
    "soundtrack": 11,
    "classical": 73
  }
}