{
  "The Rock Shield": {
    "rock": 415,
    "punk": 44,
    "grunge": 2,
    "hard rock": 35,
    "alternative rock": 25,
    "psychedelic rock": 60,
    "progressive rock": 13,
    "indie rock": 23,
    "rock & roll": 49,
    "rockabilly": 16,
    "surf rock": 1,
    "garage rock": 12,
    "post-punk": 8,
    "new wave": 16,
    "shoegaze": 3,
    "emo": 3,
    "pop-punk": 5,
    "post-rock": 3,
    "stoner rock": 3,
    "hardcore": 11
  },
  "The Electronic Frontier": {
    "electronic": 168,
    "techno": 28,
    "house": 37,
    "trance": 6,
    "ambient": 29,
    "idm": 6,
    "drum and bass": 6,
    "jungle": 4,
    "dubstep": 3,
    "downtempo": 17,
    "synth-pop": 27,
    "electro": 21,
    "industrial": 9,
    "glitch": 0,
    "eurodance": 0,
    "hardstyle": 0,
    "synthwave": 2,
    "trip hop": 2,
    "breakbeat": 3,
    "vaporwave": 13,
    "chiptune": 5,
    "chillout": 3,
    "lounge": 1
  },
  "The Hip-Hop Basin": {
    "hip hop": 36,
    "trap": 5,
    "boom bap": 8,
    "gangsta rap": 1,
    "r&b": 8,
    "soul": 31,
    "funk": 23,
    "disco": 15,
    "motown": 3,
    "neo soul": 0,
    "g-funk": 1,
    "lo-fi": 17,
    "mumble rap": 0
  },
  "The Jazz & Blues Delta": {
    "jazz": 135,
    "blues": 83,
    "swing": 12,
    "bebop": 1,
    "cool jazz": 2,
    "fusion": 10,
    "ragtime": 0,
    "hard bop": 5,
    "delta blues": 1,
    "chicago blues": 2,
    "soul jazz": 4,
    "bossa nova": 2
  },
  "The Pop Archipelago": {
    "pop": 268,
    "teen pop": 0,
    "dance-pop": 1,
    "europop": 8,
    "k-pop": 1,
    "j-pop": 12,
    "power pop": 7,
    "indie pop": 3,
    "dream pop": 1,
    "bubblegum pop": 0,
    "traditional pop": 2
  },
  "The Folk & Roots Plains": {
    "folk": 49,
    "country": 36,
    "bluegrass": 2,
    "americana": 0,
    "acoustic": 2,
    "singer-songwriter": 4,
    "celtic": 1,
    "flamenco": 1,
    "latin": 26,
    "afrobeat": 1,
    "gospel": 3
  },
  "The Metal Peaks": {
    "metal": 28,
    "heavy metal": 15,
    "black metal": 3,
    "death metal": 7,
    "thrash metal": 1,
    "doom metal": 4,
    "nu metal": 0,
    "sludge": 0,
    "gothic metal": 0,
    "power metal": 0,
    "metalcore": 4,
    "grindcore": 1
  },
  "The Tropical Pulse": {
    "reggae": 12,
    "ska": 3,
    "dub": 2,
    "rocksteady": 0,
    "dancehall": 0,
    "soca": 0,
    "reggaeton": 2
  },
  "The Avant-Garde Isles": {
    "experimental": 57,
    "noise": 6,
    "avant-garde": 12,
    "modern classical": 2,
    "minimalism": 0,
    "drone": 3,
    "dark ambient": 4,
    "soundtrack": 10,
    "classical": 73
  }
}