{
  "The Rock Shield": {
    "rock": 356,
    "punk": 41,
    "grunge": 2,
    "hard rock": 26,
    "alternative rock": 21,
    "psychedelic rock": 37,
    "progressive rock": 12,
    "indie rock": 22,
    "rock & roll": 40,
    "rockabilly": 16,
    "surf rock": 1,
    "garage rock": 13,
    "post-punk": 8,
    "new wave": 15,
    "shoegaze": 3,
    "emo": 3,
    "pop-punk": 5,
    "post-rock": 3,
    "stoner rock": 2,
    "hardcore": 11
  },
  "The Electronic Frontier": {
    "electronic": 164,
    "techno": 28,
    "house": 36,
    "trance": 5,
    "ambient": 30,
    "idm": 6,
    "drum and bass": 6,
    "jungle": 4,
    "dubstep": 3,
    "downtempo": 17,
    "synth-pop": 25,
    "electro": 20,
    "industrial": 9,
    "glitch": 0,
    "eurodance": 0,
    "hardstyle": 0,
    "synthwave": 2,
    "trip hop": 2,
    "breakbeat": 2,
    "vaporwave": 13,
    "chiptune": 5,
    "chillout": 3,
    "lounge": 0
  },
  "The Hip-Hop Basin": {
    "hip hop": 34,
    "trap": 5,
    "boom bap": 8,
    "gangsta rap": 1,
    "r&b": 10,
    "soul": 34,
    "funk": 22,
    "disco": 14,
    "motown": 2,
    "neo soul": 0,
    "g-funk": 1,
    "lo-fi": 16,
    "mumble rap": 0
  },
  "The Jazz & Blues Delta": {
    "jazz": 123,
    "blues": 48,
    "swing": 10,
    "bebop": 1,
    "cool jazz": 2,
    "fusion": 9,
    "ragtime": 0,
    "hard bop": 2,
    "delta blues": 1,
    "chicago blues": 0,
    "soul jazz": 3,
    "bossa nova": 1
  },
  "The Pop Archipelago": {
    "pop": 237,
    "teen pop": 0,
    "dance-pop": 1,
    "europop": 8,
    "k-pop": 1,
    "j-pop": 12,
    "power pop": 6,
    "indie pop": 4,
    "dream pop": 1,
    "bubblegum pop": 0,
    "traditional pop": 1
  },
  "The Folk & Roots Plains": {
    "folk": 40,
    "country": 28,
    "bluegrass": 1,
    "americana": 1,
    "acoustic": 1,
    "singer-songwriter": 2,
    "celtic": 1,
    "flamenco": 2,
    "latin": 27,
    "afrobeat": 3,
    "gospel": 1
  },
  "The Metal Peaks": {
    "metal": 25,
    "heavy metal": 11,
    "black metal": 3,
    "death metal": 7,
    "thrash metal": 1,
    "doom metal": 2,
    "nu metal": 0,
    "sludge": 0,
    "gothic metal": 0,
    "power metal": 0,
    "metalcore": 4,
    "grindcore": 1
  },
  "The Tropical Pulse": {
    "reggae": 13,
    "ska": 3,
    "dub": 2,
    "rocksteady": 3,
    "dancehall": 1,
    "soca": 0,
    "reggaeton": 2
  },
  "The Avant-Garde Isles": {
    "experimental": 56,
    "noise": 6,
    "avant-garde": 11,
    "modern classical": 3,
    "minimalism": 0,
    "drone": 8,
    "dark ambient": 4,
    "soundtrack": 14,
    "classical": 75
  }
}