{
  "The Rock Shield": {
    "rock": 384,
    "punk": 46,
    "grunge": 2,
    "hard rock": 30,
    "alternative rock": 24,
    "psychedelic rock": 24,
    "progressive rock": 21,
    "indie rock": 23,
    "rock & roll": 39,
    "rockabilly": 16,
    "surf rock": 1,
    "garage rock": 12,
    "post-punk": 9,
    "new wave": 15,
    "shoegaze": 3,
    "emo": 3,
    "pop-punk": 6,
    "post-rock": 3,
    "stoner rock": 1,
    "hardcore": 11
  },
  "The Electronic Frontier": {
    "electronic": 169,
    "techno": 28,
    "house": 38,
    "trance": 5,
    "ambient": 31,
    "idm": 6,
    "drum and bass": 6,
    "jungle": 5,
    "dubstep": 3,
    "downtempo": 17,
    "synth-pop": 25,
    "electro": 20,
    "industrial": 10,
    "glitch": 0,
    "eurodance": 0,
    "hardstyle": 0,
    "synthwave": 2,
    "trip hop": 2,
    "breakbeat": 2,
    "vaporwave": 13,
    "chiptune": 5,
    "chillout": 3,
    "lounge": 0
  },
  "The Hip-Hop Basin": {
    "hip hop": 37,
    "trap": 5,
    "boom bap": 8,
    "gangsta rap": 1,
    "r&b": 10,
    "soul": 34,
    "funk": 26,
    "disco": 21,
    "motown": 2,
    "neo soul": 0,
    "g-funk": 1,
    "lo-fi": 16,
    "mumble rap": 0
  },
  "The Jazz & Blues Delta": {
    "jazz": 134,
    "blues": 49,
    "swing": 14,
    "bebop": 1,
    "cool jazz": 2,
    "fusion": 11,
    "ragtime": 3,
    "hard bop": 6,
    "delta blues": 1,
    "chicago blues": 3,
    "soul jazz": 2,
    "bossa nova": 2
  },
  "The Pop Archipelago": {
    "pop": 258,
    "teen pop": 0,
    "dance-pop": 1,
    "europop": 7,
    "k-pop": 1,
    "j-pop": 12,
    "power pop": 6,
    "indie pop": 3,
    "dream pop": 1,
    "bubblegum pop": 0,
    "traditional pop": 1
  },
  "The Folk & Roots Plains": {
    "folk": 40,
    "country": 31,
    "bluegrass": 1,
    "americana": 1,
    "acoustic": 2,
    "singer-songwriter": 5,
    "celtic": 1,
    "flamenco": 1,
    "latin": 25,
    "afrobeat": 2,
    "gospel": 1
  },
  "The Metal Peaks": {
    "metal": 21,
    "heavy metal": 8,
    "black metal": 3,
    "death metal": 7,
    "thrash metal": 1,
    "doom metal": 1,
    "nu metal": 0,
    "sludge": 0,
    "gothic metal": 0,
    "power metal": 0,
    "metalcore": 4,
    "grindcore": 1
  },
  "The Tropical Pulse": {
    "reggae": 16,
    "ska": 2,
    "dub": 5,
    "rocksteady": 1,
    "dancehall": 0,
    "soca": 0,
    "reggaeton": 2
  },
  "The Avant-Garde Isles": {
    "experimental": 59,
    "noise": 5,
    "avant-garde": 9,
    "modern classical": 3,
    "minimalism": 0,
    "drone": 4,
    "dark ambient": 4,
    "soundtrack": 12,
    "classical": 83
  }
}