{
  "The Rock Shield": {
    "rock": 387,
    "punk": 44,
    "grunge": 2,
    "hard rock": 30,
    "alternative rock": 23,
    "psychedelic rock": 17,
    "progressive rock": 13,
    "indie rock": 24,
    "rock & roll": 33,
    "rockabilly": 16,
    "surf rock": 2,
    "garage rock": 9,
    "post-punk": 8,
    "new wave": 15,
    "shoegaze": 3,
    "emo": 3,
    "pop-punk": 6,
    "post-rock": 3,
    "stoner rock": 1,
    "hardcore": 11
  },
  "The Electronic Frontier": {
    "electronic": 182,
    "techno": 28,
    "house": 40,
    "trance": 5,
    "ambient": 29,
    "idm": 6,
    "drum and bass": 6,
    "jungle": 4,
    "dubstep": 3,
    "downtempo": 18,
    "synth-pop": 26,
    "electro": 21,
    "industrial": 10,
    "glitch": 0,
    "eurodance": 0,
    "hardstyle": 0,
    "synthwave": 2,
    "trip hop": 2,
    "breakbeat": 2,
    "vaporwave": 13,
    "chiptune": 5,
    "chillout": 3,
    "lounge": 1
  },
  "The Hip-Hop Basin": {
    "hip hop": 36,
    "trap": 5,
    "boom bap": 9,
    "gangsta rap": 1,
    "r&b": 8,
    "soul": 28,
    "funk": 28,
    "disco": 27,
    "motown": 2,
    "neo soul": 1,
    "g-funk": 1,
    "lo-fi": 17,
    "mumble rap": 0
  },
  "The Jazz & Blues Delta": {
    "jazz": 132,
    "blues": 40,
    "swing": 9,
    "bebop": 1,
    "cool jazz": 2,
    "fusion": 8,
    "ragtime": 0,
    "hard bop": 2,
    "delta blues": 2,
    "chicago blues": 3,
    "soul jazz": 2,
    "bossa nova": 4
  },
  "The Pop Archipelago": {
    "pop": 235,
    "teen pop": 0,
    "dance-pop": 1,
    "europop": 7,
    "k-pop": 1,
    "j-pop": 12,
    "power pop": 5,
    "indie pop": 4,
    "dream pop": 1,
    "bubblegum pop": 1,
    "traditional pop": 1
  },
  "The Folk & Roots Plains": {
    "folk": 47,
    "country": 21,
    "bluegrass": 2,
    "americana": 1,
    "acoustic": 0,
    "singer-songwriter": 2,
    "celtic": 2,
    "flamenco": 1,
    "latin": 25,
    "afrobeat": 2,
    "gospel": 3
  },
  "The Metal Peaks": {
    "metal": 26,
    "heavy metal": 13,
    "black metal": 3,
    "death metal": 8,
    "thrash metal": 2,
    "doom metal": 1,
    "nu metal": 0,
    "sludge": 0,
    "gothic metal": 0,
    "power metal": 0,
    "metalcore": 4,
    "grindcore": 1
  },
  "The Tropical Pulse": {
    "reggae": 13,
    "ska": 3,
    "dub": 5,
    "rocksteady": 3,
    "dancehall": 0,
    "soca": 0,
    "reggaeton": 2
  },
  "The Avant-Garde Isles": {
    "experimental": 64,
    "noise": 6,
    "avant-garde": 11,
    "modern classical": 6,
    "minimalism": 0,
    "drone": 6,
    "dark ambient": 4,
    "soundtrack": 10,
    "classical": 67
  }
}