{
  "The Rock Shield": {
    "rock": 404,
    "punk": 44,
    "grunge": 2,
    "hard rock": 35,
    "alternative rock": 46,
    "psychedelic rock": 21,
    "progressive rock": 16,
    "indie rock": 31,
    "rock & roll": 49,
    "rockabilly": 18,
    "surf rock": 1,
    "garage rock": 7,
    "post-punk": 8,
    "new wave": 18,
    "shoegaze": 3,
    "emo": 3,
    "pop-punk": 6,
    "post-rock": 3,
    "stoner rock": 1,
    "hardcore": 11
  },
  "The Electronic Frontier": {
    "electronic": 188,
    "techno": 28,
    "house": 37,
    "trance": 5,
    "ambient": 33,
    "idm": 6,
    "drum and bass": 6,
    "jungle": 4,
    "dubstep": 4,
    "downtempo": 18,
    "synth-pop": 34,
    "electro": 20,
    "industrial": 9,
    "glitch": 0,
    "eurodance": 0,
    "hardstyle": 0,
    "synthwave": 2,
    "trip hop": 2,
    "breakbeat": 2,
    "vaporwave": 13,
    "chiptune": 5,
    "chillout": 3,
    "lounge": 0
  },
  "The Hip-Hop Basin": {
    "hip hop": 35,
    "trap": 5,
    "boom bap": 8,
    "gangsta rap": 1,
    "r&b": 7,
    "soul": 29,
    "funk": 21,
    "disco": 34,
    "motown": 0,
    "neo soul": 0,
    "g-funk": 1,
    "lo-fi": 16,
    "mumble rap": 0
  },
  "The Jazz & Blues Delta": {
    "jazz": 139,
    "blues": 46,
    "swing": 13,
    "bebop": 1,
    "cool jazz": 6,
    "fusion": 8,
    "ragtime": 1,
    "hard bop": 6,
    "delta blues": 1,
    "chicago blues": 1,
    "soul jazz": 2,
    "bossa nova": 5
  },
  "The Pop Archipelago": {
    "pop": 277,
    "teen pop": 0,
    "dance-pop": 5,
    "europop": 6,
    "k-pop": 1,
    "j-pop": 12,
    "power pop": 6,
    "indie pop": 12,
    "dream pop": 3,
    "bubblegum pop": 0,
    "traditional pop": 1
  },
  "The Folk & Roots Plains": {
    "folk": 35,
    "country": 29,
    "bluegrass": 1,
    "americana": 1,
    "acoustic": 2,
    "singer-songwriter": 6,
    "celtic": 2,
    "flamenco": 1,
    "latin": 27,
    "afrobeat": 4,
    "gospel": 0
  },
  "The Metal Peaks": {
    "metal": 22,
    "heavy metal": 10,
    "black metal": 3,
    "death metal": 7,
    "thrash metal": 1,
    "doom metal": 1,
    "nu metal": 0,
    "sludge": 0,
    "gothic metal": 0,
    "power metal": 0,
    "metalcore": 4,
    "grindcore": 1
  },
  "The Tropical Pulse": {
    "reggae": 17,
    "ska": 3,
    "dub": 4,
    "rocksteady": 1,
    "dancehall": 0,
    "soca": 0,
    "reggaeton": 2
  },
  "The Avant-Garde Isles": {
    "experimental": 59,
    "noise": 5,
    "avant-garde": 12,
    "modern classical": 2,
    "minimalism": 0,
    "drone": 4,
    "dark ambient": 4,
    "soundtrack": 13,
    "classical": 73
  }
}