{
  "The Rock Shield": {
    "rock": 358,
    "punk": 54,
    "grunge": 2,
    "hard rock": 42,
    "alternative rock": 24,
    "psychedelic rock": 9,
    "progressive rock": 14,
    "indie rock": 23,
    "rock & roll": 43,
    "rockabilly": 17,
    "surf rock": 2,
    "garage rock": 8,
    "post-punk": 9,
    "new wave": 22,
    "shoegaze": 3,
    "emo": 3,
    "pop-punk": 5,
    "post-rock": 3,
    "stoner rock": 2,
    "hardcore": 11
  },
  "The Electronic Frontier": {
    "electronic": 182,
    "techno": 28,
    "house": 38,
    "trance": 5,
    "ambient": 33,
    "idm": 6,
    "drum and bass": 6,
    "jungle": 4,
    "dubstep": 3,
    "downtempo": 17,
    "synth-pop": 27,
    "electro": 21,
    "industrial": 10,
    "glitch": 0,
    "eurodance": 0,
    "hardstyle": 0,
    "synthwave": 3,
    "trip hop": 2,
    "breakbeat": 3,
    "vaporwave": 13,
    "chiptune": 5,
    "chillout": 3,
    "lounge": 0
  },
  "The Hip-Hop Basin": {
    "hip hop": 36,
    "trap": 5,
    "boom bap": 8,
    "gangsta rap": 1,
    "r&b": 9,
    "soul": 34,
    "funk": 42,
    "disco": 44,
    "motown": 1,
    "neo soul": 0,
    "g-funk": 1,
    "lo-fi": 16,
    "mumble rap": 0
  },
  "The Jazz & Blues Delta": {
    "jazz": 146,
    "blues": 42,
    "swing": 12,
    "bebop": 1,
    "cool jazz": 5,
    "fusion": 15,
    "ragtime": 1,
    "hard bop": 5,
    "delta blues": 0,
    "chicago blues": 2,
    "soul jazz": 5,
    "bossa nova": 3
  },
  "The Pop Archipelago": {
    "pop": 262,
    "teen pop": 0,
    "dance-pop": 1,
    "europop": 8,
    "k-pop": 1,
    "j-pop": 13,
    "power pop": 6,
    "indie pop": 3,
    "dream pop": 1,
    "bubblegum pop": 1,
    "traditional pop": 1
  },
  "The Folk & Roots Plains": {
    "folk": 33,
    "country": 33,
    "bluegrass": 1,
    "americana": 0,
    "acoustic": 0,
    "singer-songwriter": 4,
    "celtic": 2,
    "flamenco": 1,
    "latin": 27,
    "afrobeat": 4,
    "gospel": 2
  },
  "The Metal Peaks": {
    "metal": 28,
    "heavy metal": 14,
    "black metal": 3,
    "death metal": 7,
    "thrash metal": 2,
    "doom metal": 1,
    "nu metal": 0,
    "sludge": 0,
    "gothic metal": 0,
    "power metal": 0,
    "metalcore": 4,
    "grindcore": 1
  },
  "The Tropical Pulse": {
    "reggae": 14,
    "ska": 2,
    "dub": 4,
    "rocksteady": 0,
    "dancehall": 0,
    "soca": 0,
    "reggaeton": 2
  },
  "The Avant-Garde Isles": {
    "experimental": 54,
    "noise": 7,
    "avant-garde": 9,
    "modern classical": 2,
    "minimalism": 1,
    "drone": 3,
    "dark ambient": 5,
    "soundtrack": 10,
    "classical": 70
  }
}