{
  "The Rock Shield": {
    "rock": 416,
    "punk": 87,
    "grunge": 2,
    "hard rock": 46,
    "alternative rock": 36,
    "psychedelic rock": 12,
    "progressive rock": 9,
    "indie rock": 27,
    "rock & roll": 48,
    "rockabilly": 19,
    "surf rock": 1,
    "garage rock": 11,
    "post-punk": 9,
    "new wave": 44,
    "shoegaze": 3,
    "emo": 3,
    "pop-punk": 6,
    "post-rock": 3,
    "stoner rock": 1,
    "hardcore": 13
  },
  "The Electronic Frontier": {
    "electronic": 190,
    "techno": 29,
    "house": 39,
    "trance": 6,
    "ambient": 35,
    "idm": 6,
    "drum and bass": 6,
    "jungle": 4,
    "dubstep": 3,
    "downtempo": 18,
    "synth-pop": 35,
    "electro": 24,
    "industrial": 12,
    "glitch": 0,
    "eurodance": 0,
    "hardstyle": 0,
    "synthwave": 2,
    "trip hop": 2,
    "breakbeat": 2,
    "vaporwave": 13,
    "chiptune": 5,
    "chillout": 3,
    "lounge": 0
  },
  "The Hip-Hop Basin": {
    "hip hop": 37,
    "trap": 5,
    "boom bap": 8,
    "gangsta rap": 1,
    "r&b": 8,
    "soul": 23,
    "funk": 22,
    "disco": 35,
    "motown": 0,
    "neo soul": 0,
    "g-funk": 1,
    "lo-fi": 17,
    "mumble rap": 0
  },
  "The Jazz & Blues Delta": {
    "jazz": 131,
    "blues": 39,
    "swing": 11,
    "bebop": 1,
    "cool jazz": 3,
    "fusion": 11,
    "ragtime": 1,
    "hard bop": 3,
    "delta blues": 0,
    "chicago blues": 0,
    "soul jazz": 2,
    "bossa nova": 2
  },
  "The Pop Archipelago": {
    "pop": 256,
    "teen pop": 0,
    "dance-pop": 1,
    "europop": 8,
    "k-pop": 1,
    "j-pop": 14,
    "power pop": 12,
    "indie pop": 4,
    "dream pop": 1,
    "bubblegum pop": 0,
    "traditional pop": 1
  },
  "The Folk & Roots Plains": {
    "folk": 37,
    "country": 33,
    "bluegrass": 0,
    "americana": 1,
    "acoustic": 0,
    "singer-songwriter": 4,
    "celtic": 2,
    "flamenco": 2,
    "latin": 30,
    "afrobeat": 1,
    "gospel": 0
  },
  "The Metal Peaks": {
    "metal": 32,
    "heavy metal": 18,
    "black metal": 3,
    "death metal": 7,
    "thrash metal": 3,
    "doom metal": 0,
    "nu metal": 0,
    "sludge": 0,
    "gothic metal": 1,
    "power metal": 0,
    "metalcore": 4,
    "grindcore": 1
  },
  "The Tropical Pulse": {
    "reggae": 20,
    "ska": 3,
    "dub": 6,
    "rocksteady": 1,
    "dancehall": 0,
    "soca": 0,
    "reggaeton": 2
  },
  "The Avant-Garde Isles": {
    "experimental": 56,
    "noise": 8,
    "avant-garde": 12,
    "modern classical": 3,
    "minimalism": 0,
    "drone": 3,
    "dark ambient": 4,
    "soundtrack": 9,
    "classical": 71
  }
}