{
  "The Rock Shield": {
    "rock": 417,
    "punk": 78,
    "grunge": 2,
    "hard rock": 35,
    "alternative rock": 31,
    "psychedelic rock": 11,
    "progressive rock": 16,
    "indie rock": 29,
    "rock & roll": 63,
    "rockabilly": 20,
    "surf rock": 1,
    "garage rock": 8,
    "post-punk": 15,
    "new wave": 35,
    "shoegaze": 3,
    "emo": 3,
    "pop-punk": 8,
    "post-rock": 4,
    "stoner rock": 1,
    "hardcore": 11
  },
  "The Electronic Frontier": {
    "electronic": 195,
    "techno": 31,
    "house": 37,
    "trance": 6,
    "ambient": 35,
    "idm": 6,
    "drum and bass": 6,
    "jungle": 4,
    "dubstep": 3,
    "downtempo": 18,
    "synth-pop": 35,
    "electro": 27,
    "industrial": 10,
    "glitch": 0,
    "eurodance": 0,
    "hardstyle": 1,
    "synthwave": 2,
    "trip hop": 3,
    "breakbeat": 2,
    "vaporwave": 13,
    "chiptune": 6,
    "chillout": 3,
    "lounge": 0
  },
  "The Hip-Hop Basin": {
    "hip hop": 34,
    "trap": 5,
    "boom bap": 8,
    "gangsta rap": 1,
    "r&b": 5,
    "soul": 27,
    "funk": 21,
    "disco": 41,
    "motown": 0,
    "neo soul": 0,
    "g-funk": 1,
    "lo-fi": 17,
    "mumble rap": 0
  },
  "The Jazz & Blues Delta": {
    "jazz": 142,
    "blues": 45,
    "swing": 11,
    "bebop": 1,
    "cool jazz": 3,
    "fusion": 16,
    "ragtime": 1,
    "hard bop": 4,
    "delta blues": 0,
    "chicago blues": 1,
    "soul jazz": 2,
    "bossa nova": 2
  },
  "The Pop Archipelago": {
    "pop": 272,
    "teen pop": 0,
    "dance-pop": 2,
    "europop": 6,
    "k-pop": 1,
    "j-pop": 14,
    "power pop": 15,
    "indie pop": 8,
    "dream pop": 3,
    "bubblegum pop": 0,
    "traditional pop": 1
  },
  "The Folk & Roots Plains": {
    "folk": 32,
    "country": 31,
    "bluegrass": 0,
    "americana": 0,
    "acoustic": 1,
    "singer-songwriter": 4,
    "celtic": 1,
    "flamenco": 1,
    "latin": 28,
    "afrobeat": 2,
    "gospel": 0
  },
  "The Metal Peaks": {
    "metal": 29,
    "heavy metal": 17,
    "black metal": 3,
    "death metal": 7,
    "thrash metal": 1,
    "doom metal": 2,
    "nu metal": 0,
    "sludge": 0,
    "gothic metal": 0,
    "power metal": 0,
    "metalcore": 4,
    "grindcore": 1
  },
  "The Tropical Pulse": {
    "reggae": 19,
    "ska": 3,
    "dub": 6,
    "rocksteady": 0,
    "dancehall": 0,
    "soca": 0,
    "reggaeton": 2
  },
  "The Avant-Garde Isles": {
    "experimental": 64,
    "noise": 7,
    "avant-garde": 19,
    "modern classical": 2,
    "minimalism": 0,
    "drone": 4,
    "dark ambient": 5,
    "soundtrack": 11,
    "classical": 75
  }
}