{
  "The Rock Shield": {
    "rock": 411,
    "punk": 101,
    "grunge": 2,
    "hard rock": 43,
    "alternative rock": 43,
    "psychedelic rock": 8,
    "progressive rock": 12,
    "indie rock": 42,
    "rock & roll": 43,
    "rockabilly": 21,
    "surf rock": 1,
    "garage rock": 16,
    "post-punk": 31,
    "new wave": 58,
    "shoegaze": 3,
    "emo": 3,
    "pop-punk": 7,
    "post-rock": 3,
    "stoner rock": 1,
    "hardcore": 12
  },
  "The Electronic Frontier": {
    "electronic": 231,
    "techno": 30,
    "house": 42,
    "trance": 6,
    "ambient": 42,
    "idm": 6,
    "drum and bass": 6,
    "jungle": 4,
    "dubstep": 3,
    "downtempo": 20,
    "synth-pop": 44,
    "electro": 26,
    "industrial": 19,
    "glitch": 0,
    "eurodance": 0,
    "hardstyle": 0,
    "synthwave": 2,
    "trip hop": 2,
    "breakbeat": 2,
    "vaporwave": 13,
    "chiptune": 5,
    "chillout": 3,
    "lounge": 0
  },
  "The Hip-Hop Basin": {
    "hip hop": 39,
    "trap": 5,
    "boom bap": 8,
    "gangsta rap": 1,
    "r&b": 7,
    "soul": 30,
    "funk": 19,
    "disco": 49,
    "motown": 0,
    "neo soul": 0,
    "g-funk": 1,
    "lo-fi": 17,
    "mumble rap": 0
  },
  "The Jazz & Blues Delta": {
    "jazz": 131,
    "blues": 37,
    "swing": 10,
    "bebop": 1,
    "cool jazz": 6,
    "fusion": 8,
    "ragtime": 1,
    "hard bop": 3,
    "delta blues": 0,
    "chicago blues": 3,
    "soul jazz": 5,
    "bossa nova": 4
  },
  "The Pop Archipelago": {
    "pop": 283,
    "teen pop": 0,
    "dance-pop": 2,
    "europop": 10,
    "k-pop": 1,
    "j-pop": 13,
    "power pop": 15,
    "indie pop": 6,
    "dream pop": 3,
    "bubblegum pop": 0,
    "traditional pop": 1
  },
  "The Folk & Roots Plains": {
    "folk": 32,
    "country": 25,
    "bluegrass": 1,
    "americana": 1,
    "acoustic": 0,
    "singer-songwriter": 4,
    "celtic": 1,
    "flamenco": 2,
    "latin": 26,
    "afrobeat": 1,
    "gospel": 2
  },
  "The Metal Peaks": {
    "metal": 31,
    "heavy metal": 18,
    "black metal": 3,
    "death metal": 7,
    "thrash metal": 1,
    "doom metal": 0,
    "nu metal": 0,
    "sludge": 0,
    "gothic metal": 0,
    "power metal": 0,
    "metalcore": 4,
    "grindcore": 1
  },
  "The Tropical Pulse": {
    "reggae": 28,
    "ska": 8,
    "dub": 12,
    "rocksteady": 4,
    "dancehall": 0,
    "soca": 0,
    "reggaeton": 2
  },
  "The Avant-Garde Isles": {
    "experimental": 69,
    "noise": 9,
    "avant-garde": 17,
    "modern classical": 5,
    "minimalism": 0,
    "drone": 4,
    "dark ambient": 5,
    "soundtrack": 12,
    "classical": 76
  }
}