{
  "The Rock Shield": {
    "rock": 433,
    "punk": 108,
    "grunge": 2,
    "hard rock": 42,
    "alternative rock": 31,
    "psychedelic rock": 9,
    "progressive rock": 11,
    "indie rock": 35,
    "rock & roll": 40,
    "rockabilly": 20,
    "surf rock": 2,
    "garage rock": 8,
    "post-punk": 34,
    "new wave": 69,
    "shoegaze": 5,
    "emo": 4,
    "pop-punk": 6,
    "post-rock": 4,
    "stoner rock": 1,
    "hardcore": 13
  },
  "The Electronic Frontier": {
    "electronic": 262,
    "techno": 40,
    "house": 45,
    "trance": 6,
    "ambient": 40,
    "idm": 7,
    "drum and bass": 6,
    "jungle": 4,
    "dubstep": 3,
    "downtempo": 23,
    "synth-pop": 70,
    "electro": 31,
    "industrial": 18,
    "glitch": 1,
    "eurodance": 0,
    "hardstyle": 0,
    "synthwave": 16,
    "trip hop": 2,
    "breakbeat": 2,
    "vaporwave": 13,
    "chiptune": 5,
    "chillout": 3,
    "lounge": 0
  },
  "The Hip-Hop Basin": {
    "hip hop": 41,
    "trap": 5,
    "boom bap": 9,
    "gangsta rap": 1,
    "r&b": 7,
    "soul": 30,
    "funk": 28,
    "disco": 55,
    "motown": 0,
    "neo soul": 0,
    "g-funk": 1,
    "lo-fi": 25,
    "mumble rap": 0
  },
  "The Jazz & Blues Delta": {
    "jazz": 140,
    "blues": 33,
    "swing": 9,
    "bebop": 1,
    "cool jazz": 3,
    "fusion": 10,
    "ragtime": 1,
    "hard bop": 2,
    "delta blues": 0,
    "chicago blues": 0,
    "soul jazz": 8,
    "bossa nova": 3
  },
  "The Pop Archipelago": {
    "pop": 312,
    "teen pop": 0,
    "dance-pop": 2,
    "europop": 11,
    "k-pop": 1,
    "j-pop": 13,
    "power pop": 9,
    "indie pop": 5,
    "dream pop": 6,
    "bubblegum pop": 0,
    "traditional pop": 1
  },
  "The Folk & Roots Plains": {
    "folk": 34,
    "country": 22,
    "bluegrass": 1,
    "americana": 0,
    "acoustic": 0,
    "singer-songwriter": 6,
    "celtic": 3,
    "flamenco": 1,
    "latin": 25,
    "afrobeat": 2,
    "gospel": 1
  },
  "The Metal Peaks": {
    "metal": 35,
    "heavy metal": 22,
    "black metal": 3,
    "death metal": 7,
    "thrash metal": 1,
    "doom metal": 1,
    "nu metal": 0,
    "sludge": 0,
    "gothic metal": 0,
    "power metal": 0,
    "metalcore": 4,
    "grindcore": 1
  },
  "The Tropical Pulse": {
    "reggae": 22,
    "ska": 8,
    "dub": 9,
    "rocksteady": 0,
    "dancehall": 0,
    "soca": 0,
    "reggaeton": 2
  },
  "The Avant-Garde Isles": {
    "experimental": 76,
    "noise": 11,
    "avant-garde": 16,
    "modern classical": 4,
    "minimalism": 0,
    "drone": 3,
    "dark ambient": 5,
    "soundtrack": 9,
    "classical": 74
  }
}