{
  "The Rock Shield": {
    "rock": 403,
    "punk": 103,
    "grunge": 3,
    "hard rock": 39,
    "alternative rock": 38,
    "psychedelic rock": 10,
    "progressive rock": 11,
    "indie rock": 34,
    "rock & roll": 35,
    "rockabilly": 22,
    "surf rock": 1,
    "garage rock": 8,
    "post-punk": 32,
    "new wave": 53,
    "shoegaze": 3,
    "emo": 3,
    "pop-punk": 7,
    "post-rock": 4,
    "stoner rock": 1,
    "hardcore": 13
  },
  "The Electronic Frontier": {
    "electronic": 238,
    "techno": 33,
    "house": 40,
    "trance": 5,
    "ambient": 41,
    "idm": 6,
    "drum and bass": 6,
    "jungle": 4,
    "dubstep": 3,
    "downtempo": 20,
    "synth-pop": 67,
    "electro": 32,
    "industrial": 18,
    "glitch": 0,
    "eurodance": 1,
    "hardstyle": 0,
    "synthwave": 10,
    "trip hop": 2,
    "breakbeat": 2,
    "vaporwave": 17,
    "chiptune": 5,
    "chillout": 4,
    "lounge": 0
  },
  "The Hip-Hop Basin": {
    "hip hop": 37,
    "trap": 5,
    "boom bap": 8,
    "gangsta rap": 1,
    "r&b": 4,
    "soul": 22,
    "funk": 25,
    "disco": 44,
    "motown": 0,
    "neo soul": 0,
    "g-funk": 1,
    "lo-fi": 17,
    "mumble rap": 0
  },
  "The Jazz & Blues Delta": {
    "jazz": 133,
    "blues": 29,
    "swing": 12,
    "bebop": 1,
    "cool jazz": 3,
    "fusion": 6,
    "ragtime": 0,
    "hard bop": 5,
    "delta blues": 0,
    "chicago blues": 0,
    "soul jazz": 3,
    "bossa nova": 2
  },
  "The Pop Archipelago": {
    "pop": 274,
    "teen pop": 1,
    "dance-pop": 2,
    "europop": 12,
    "k-pop": 1,
    "j-pop": 13,
    "power pop": 10,
    "indie pop": 7,
    "dream pop": 1,
    "bubblegum pop": 0,
    "traditional pop": 1
  },
  "The Folk & Roots Plains": {
    "folk": 28,
    "country": 18,
    "bluegrass": 0,
    "americana": 0,
    "acoustic": 0,
    "singer-songwriter": 3,
    "celtic": 1,
    "flamenco": 1,
    "latin": 26,
    "afrobeat": 2,
    "gospel": 0
  },
  "The Metal Peaks": {
    "metal": 37,
    "heavy metal": 23,
    "black metal": 3,
    "death metal": 7,
    "thrash metal": 1,
    "doom metal": 1,
    "nu metal": 0,
    "sludge": 0,
    "gothic metal": 0,
    "power metal": 0,
    "metalcore": 4,
    "grindcore": 1
  },
  "The Tropical Pulse": {
    "reggae": 15,
    "ska": 5,
    "dub": 7,
    "rocksteady": 0,
    "dancehall": 0,
    "soca": 1,
    "reggaeton": 2
  },
  "The Avant-Garde Isles": {
    "experimental": 73,
    "noise": 12,
    "avant-garde": 18,
    "modern classical": 4,
    "minimalism": 0,
    "drone": 5,
    "dark ambient": 4,
    "soundtrack": 8,
    "classical": 70
  }
}