{
  "The Rock Shield": {
    "rock": 409,
    "punk": 96,
    "grunge": 2,
    "hard rock": 32,
    "alternative rock": 33,
    "psychedelic rock": 4,
    "progressive rock": 16,
    "indie rock": 36,
    "rock & roll": 34,
    "rockabilly": 19,
    "surf rock": 1,
    "garage rock": 12,
    "post-punk": 23,
    "new wave": 66,
    "shoegaze": 3,
    "emo": 3,
    "pop-punk": 7,
    "post-rock": 4,
    "stoner rock": 1,
    "hardcore": 16
  },
  "The Electronic Frontier": {
    "electronic": 250,
    "techno": 29,
    "house": 36,
    "trance": 5,
    "ambient": 38,
    "idm": 6,
    "drum and bass": 6,
    "jungle": 4,
    "dubstep": 3,
    "downtempo": 19,
    "synth-pop": 73,
    "electro": 34,
    "industrial": 22,
    "glitch": 0,
    "eurodance": 0,
    "hardstyle": 0,
    "synthwave": 9,
    "trip hop": 3,
    "breakbeat": 2,
    "vaporwave": 17,
    "chiptune": 5,
    "chillout": 3,
    "lounge": 0
  },
  "The Hip-Hop Basin": {
    "hip hop": 45,
    "trap": 5,
    "boom bap": 9,
    "gangsta rap": 1,
    "r&b": 4,
    "soul": 18,
    "funk": 28,
    "disco": 44,
    "motown": 1,
    "neo soul": 0,
    "g-funk": 1,
    "lo-fi": 18,
    "mumble rap": 0
  },
  "The Jazz & Blues Delta": {
    "jazz": 126,
    "blues": 24,
    "swing": 9,
    "bebop": 1,
    "cool jazz": 2,
    "fusion": 13,
    "ragtime": 0,
    "hard bop": 2,
    "delta blues": 1,
    "chicago blues": 0,
    "soul jazz": 3,
    "bossa nova": 1
  },
  "The Pop Archipelago": {
    "pop": 295,
    "teen pop": 0,
    "dance-pop": 4,
    "europop": 12,
    "k-pop": 1,
    "j-pop": 12,
    "power pop": 10,
    "indie pop": 4,
    "dream pop": 1,
    "bubblegum pop": 0,
    "traditional pop": 1
  },
  "The Folk & Roots Plains": {
    "folk": 36,
    "country": 17,
    "bluegrass": 1,
    "americana": 0,
    "acoustic": 0,
    "singer-songwriter": 3,
    "celtic": 2,
    "flamenco": 1,
    "latin": 24,
    "afrobeat": 2,
    "gospel": 0
  },
  "The Metal Peaks": {
    "metal": 38,
    "heavy metal": 22,
    "black metal": 3,
    "death metal": 7,
    "thrash metal": 2,
    "doom metal": 1,
    "nu metal": 0,
    "sludge": 0,
    "gothic metal": 0,
    "power metal": 2,
    "metalcore": 4,
    "grindcore": 1
  },
  "The Tropical Pulse": {
    "reggae": 17,
    "ska": 4,
    "dub": 8,
    "rocksteady": 0,
    "dancehall": 1,
    "soca": 0,
    "reggaeton": 2
  },
  "The Avant-Garde Isles": {
    "experimental": 78,
    "noise": 14,
    "avant-garde": 11,
    "modern classical": 3,
    "minimalism": 0,
    "drone": 5,
    "dark ambient": 5,
    "soundtrack": 11,
    "classical": 75
  }
}