{
  "The Rock Shield": {
    "rock": 394,
    "punk": 84,
    "grunge": 2,
    "hard rock": 34,
    "alternative rock": 39,
    "psychedelic rock": 5,
    "progressive rock": 8,
    "indie rock": 34,
    "rock & roll": 30,
    "rockabilly": 19,
    "surf rock": 1,
    "garage rock": 10,
    "post-punk": 22,
    "new wave": 61,
    "shoegaze": 3,
    "emo": 3,
    "pop-punk": 5,
    "post-rock": 3,
    "stoner rock": 1,
    "hardcore": 22
  },
  "The Electronic Frontier": {
    "electronic": 254,
    "techno": 32,
    "house": 41,
    "trance": 5,
    "ambient": 34,
    "idm": 6,
    "drum and bass": 6,
    "jungle": 4,
    "dubstep": 3,
    "downtempo": 21,
    "synth-pop": 67,
    "electro": 33,
    "industrial": 23,
    "glitch": 0,
    "eurodance": 0,
    "hardstyle": 0,
    "synthwave": 4,
    "trip hop": 2,
    "breakbeat": 2,
    "vaporwave": 14,
    "chiptune": 5,
    "chillout": 3,
    "lounge": 1
  },
  "The Hip-Hop Basin": {
    "hip hop": 44,
    "trap": 5,
    "boom bap": 8,
    "gangsta rap": 1,
    "r&b": 8,
    "soul": 27,
    "funk": 24,
    "disco": 37,
    "motown": 0,
    "neo soul": 1,
    "g-funk": 1,
    "lo-fi": 18,
    "mumble rap": 0
  },
  "The Jazz & Blues Delta": {
    "jazz": 113,
    "blues": 22,
    "swing": 12,
    "bebop": 1,
    "cool jazz": 2,
    "fusion": 8,
    "ragtime": 0,
    "hard bop": 2,
    "delta blues": 0,
    "chicago blues": 0,
    "soul jazz": 3,
    "bossa nova": 1
  },
  "The Pop Archipelago": {
    "pop": 279,
    "teen pop": 0,
    "dance-pop": 6,
    "europop": 12,
    "k-pop": 1,
    "j-pop": 12,
    "power pop": 6,
    "indie pop": 4,
    "dream pop": 1,
    "bubblegum pop": 0,
    "traditional pop": 1
  },
  "The Folk & Roots Plains": {
    "folk": 34,
    "country": 19,
    "bluegrass": 12,
    "americana": 0,
    "acoustic": 0,
    "singer-songwriter": 2,
    "celtic": 1,
    "flamenco": 2,
    "latin": 24,
    "afrobeat": 1,
    "gospel": 6
  },
  "The Metal Peaks": {
    "metal": 49,
    "heavy metal": 35,
    "black metal": 5,
    "death metal": 7,
    "thrash metal": 3,
    "doom metal": 0,
    "nu metal": 0,
    "sludge": 0,
    "gothic metal": 0,
    "power metal": 1,
    "metalcore": 4,
    "grindcore": 1
  },
  "The Tropical Pulse": {
    "reggae": 21,
    "ska": 5,
    "dub": 7,
    "rocksteady": 0,
    "dancehall": 0,
    "soca": 0,
    "reggaeton": 2
  },
  "The Avant-Garde Isles": {
    "experimental": 78,
    "noise": 12,
    "avant-garde": 19,
    "modern classical": 4,
    "minimalism": 0,
    "drone": 3,
    "dark ambient": 5,
    "soundtrack": 10,
    "classical": 74
  }
}