{
  "The Rock Shield": {
    "rock": 413,
    "punk": 98,
    "grunge": 4,
    "hard rock": 34,
    "alternative rock": 41,
    "psychedelic rock": 10,
    "progressive rock": 16,
    "indie rock": 36,
    "rock & roll": 36,
    "rockabilly": 19,
    "surf rock": 1,
    "garage rock": 12,
    "post-punk": 24,
    "new wave": 51,
    "shoegaze": 5,
    "emo": 3,
    "pop-punk": 5,
    "post-rock": 3,
    "stoner rock": 1,
    "hardcore": 15
  },
  "The Electronic Frontier": {
    "electronic": 286,
    "techno": 32,
    "house": 41,
    "trance": 7,
    "ambient": 40,
    "idm": 8,
    "drum and bass": 8,
    "jungle": 4,
    "dubstep": 5,
    "downtempo": 20,
    "synth-pop": 82,
    "electro": 35,
    "industrial": 19,
    "glitch": 1,
    "eurodance": 1,
    "hardstyle": 0,
    "synthwave": 29,
    "trip hop": 2,
    "breakbeat": 2,
    "vaporwave": 21,
    "chiptune": 8,
    "chillout": 3,
    "lounge": 0
  },
  "The Hip-Hop Basin": {
    "hip hop": 39,
    "trap": 5,
    "boom bap": 9,
    "gangsta rap": 1,
    "r&b": 7,
    "soul": 19,
    "funk": 21,
    "disco": 39,
    "motown": 0,
    "neo soul": 0,
    "g-funk": 1,
    "lo-fi": 17,
    "mumble rap": 0
  },
  "The Jazz & Blues Delta": {
    "jazz": 114,
    "blues": 23,
    "swing": 9,
    "bebop": 1,
    "cool jazz": 2,
    "fusion": 6,
    "ragtime": 0,
    "hard bop": 2,
    "delta blues": 0,
    "chicago blues": 0,
    "soul jazz": 4,
    "bossa nova": 1
  },
  "The Pop Archipelago": {
    "pop": 281,
    "teen pop": 0,
    "dance-pop": 4,
    "europop": 13,
    "k-pop": 1,
    "j-pop": 12,
    "power pop": 8,
    "indie pop": 6,
    "dream pop": 3,
    "bubblegum pop": 0,
    "traditional pop": 1
  },
  "The Folk & Roots Plains": {
    "folk": 27,
    "country": 18,
    "bluegrass": 0,
    "americana": 0,
    "acoustic": 0,
    "singer-songwriter": 3,
    "celtic": 3,
    "flamenco": 1,
    "latin": 26,
    "afrobeat": 2,
    "gospel": 1
  },
  "The Metal Peaks": {
    "metal": 55,
    "heavy metal": 28,
    "black metal": 5,
    "death metal": 9,
    "thrash metal": 4,
    "doom metal": 4,
    "nu metal": 0,
    "sludge": 1,
    "gothic metal": 0,
    "power metal": 2,
    "metalcore": 4,
    "grindcore": 3
  },
  "The Tropical Pulse": {
    "reggae": 16,
    "ska": 6,
    "dub": 5,
    "rocksteady": 0,
    "dancehall": 1,
    "soca": 0,
    "reggaeton": 2
  },
  "The Avant-Garde Isles": {
    "experimental": 63,
    "noise": 7,
    "avant-garde": 15,
    "modern classical": 8,
    "minimalism": 0,
    "drone": 6,
    "dark ambient": 5,
    "soundtrack": 18,
    "classical": 84
  }
}