{
  "The Rock Shield": {
    "rock": 370,
    "punk": 73,
    "grunge": 4,
    "hard rock": 25,
    "alternative rock": 39,
    "psychedelic rock": 4,
    "progressive rock": 10,
    "indie rock": 34,
    "rock & roll": 36,
    "rockabilly": 21,
    "surf rock": 1,
    "garage rock": 8,
    "post-punk": 15,
    "new wave": 47,
    "shoegaze": 5,
    "emo": 3,
    "pop-punk": 6,
    "post-rock": 8,
    "stoner rock": 1,
    "hardcore": 15
  },
  "The Electronic Frontier": {
    "electronic": 250,
    "techno": 30,
    "house": 40,
    "trance": 6,
    "ambient": 36,
    "idm": 8,
    "drum and bass": 6,
    "jungle": 4,
    "dubstep": 3,
    "downtempo": 22,
    "synth-pop": 68,
    "electro": 33,
    "industrial": 22,
    "glitch": 0,
    "eurodance": 0,
    "hardstyle": 0,
    "synthwave": 9,
    "trip hop": 2,
    "breakbeat": 2,
    "vaporwave": 19,
    "chiptune": 5,
    "chillout": 4,
    "lounge": 0
  },
  "The Hip-Hop Basin": {
    "hip hop": 40,
    "trap": 5,
    "boom bap": 8,
    "gangsta rap": 1,
    "r&b": 6,
    "soul": 20,
    "funk": 13,
    "disco": 29,
    "motown": 0,
    "neo soul": 0,
    "g-funk": 1,
    "lo-fi": 20,
    "mumble rap": 0
  },
  "The Jazz & Blues Delta": {
    "jazz": 114,
    "blues": 27,
    "swing": 10,
    "bebop": 1,
    "cool jazz": 2,
    "fusion": 6,
    "ragtime": 0,
    "hard bop": 3,
    "delta blues": 0,
    "chicago blues": 0,
    "soul jazz": 5,
    "bossa nova": 1
  },
  "The Pop Archipelago": {
    "pop": 270,
    "teen pop": 0,
    "dance-pop": 3,
    "europop": 9,
    "k-pop": 1,
    "j-pop": 12,
    "power pop": 9,
    "indie pop": 6,
    "dream pop": 1,
    "bubblegum pop": 0,
    "traditional pop": 1
  },
  "The Folk & Roots Plains": {
    "folk": 27,
    "country": 18,
    "bluegrass": 1,
    "americana": 1,
    "acoustic": 0,
    "singer-songwriter": 3,
    "celtic": 1,
    "flamenco": 1,
    "latin": 24,
    "afrobeat": 1,
    "gospel": 0
  },
  "The Metal Peaks": {
    "metal": 47,
    "heavy metal": 25,
    "black metal": 4,
    "death metal": 9,
    "thrash metal": 7,
    "doom metal": 3,
    "nu metal": 0,
    "sludge": 0,
    "gothic metal": 0,
    "power metal": 1,
    "metalcore": 4,
    "grindcore": 2
  },
  "The Tropical Pulse": {
    "reggae": 11,
    "ska": 2,
    "dub": 2,
    "rocksteady": 0,
    "dancehall": 1,
    "soca": 0,
    "reggaeton": 2
  },
  "The Avant-Garde Isles": {
    "experimental": 65,
    "noise": 13,
    "avant-garde": 9,
    "modern classical": 3,
    "minimalism": 0,
    "drone": 5,
    "dark ambient": 4,
    "soundtrack": 7,
    "classical": 73
  }
}