{
  "The Rock Shield": {
    "rock": 364,
    "punk": 73,
    "grunge": 2,
    "hard rock": 33,
    "alternative rock": 40,
    "psychedelic rock": 2,
    "progressive rock": 6,
    "indie rock": 38,
    "rock & roll": 25,
    "rockabilly": 19,
    "surf rock": 1,
    "garage rock": 8,
    "post-punk": 18,
    "new wave": 44,
    "shoegaze": 3,
    "emo": 4,
    "pop-punk": 5,
    "post-rock": 3,
    "stoner rock": 1,
    "hardcore": 17
  },
  "The Electronic Frontier": {
    "electronic": 254,
    "techno": 31,
    "house": 38,
    "trance": 5,
    "ambient": 42,
    "idm": 6,
    "drum and bass": 6,
    "jungle": 4,
    "dubstep": 3,
    "downtempo": 21,
    "synth-pop": 70,
    "electro": 28,
    "industrial": 23,
    "glitch": 0,
    "eurodance": 0,
    "hardstyle": 0,
    "synthwave": 7,
    "trip hop": 2,
    "breakbeat": 2,
    "vaporwave": 18,
    "chiptune": 5,
    "chillout": 3,
    "lounge": 0
  },
  "The Hip-Hop Basin": {
    "hip hop": 44,
    "trap": 5,
    "boom bap": 9,
    "gangsta rap": 1,
    "r&b": 6,
    "soul": 18,
    "funk": 23,
    "disco": 25,
    "motown": 0,
    "neo soul": 1,
    "g-funk": 1,
    "lo-fi": 17,
    "mumble rap": 0
  },
  "The Jazz & Blues Delta": {
    "jazz": 109,
    "blues": 27,
    "swing": 11,
    "bebop": 1,
    "cool jazz": 3,
    "fusion": 9,
    "ragtime": 0,
    "hard bop": 2,
    "delta blues": 0,
    "chicago blues": 2,
    "soul jazz": 3,
    "bossa nova": 1
  },
  "The Pop Archipelago": {
    "pop": 276,
    "teen pop": 0,
    "dance-pop": 4,
    "europop": 7,
    "k-pop": 1,
    "j-pop": 14,
    "power pop": 6,
    "indie pop": 5,
    "dream pop": 1,
    "bubblegum pop": 0,
    "traditional pop": 1
  },
  "The Folk & Roots Plains": {
    "folk": 30,
    "country": 15,
    "bluegrass": 1,
    "americana": 1,
    "acoustic": 1,
    "singer-songwriter": 2,
    "celtic": 2,
    "flamenco": 1,
    "latin": 25,
    "afrobeat": 2,
    "gospel": 0
  },
  "The Metal Peaks": {
    "metal": 48,
    "heavy metal": 28,
    "black metal": 3,
    "death metal": 10,
    "thrash metal": 7,
    "doom metal": 2,
    "nu metal": 0,
    "sludge": 0,
    "gothic metal": 0,
    "power metal": 0,
    "metalcore": 4,
    "grindcore": 1
  },
  "The Tropical Pulse": {
    "reggae": 12,
    "ska": 3,
    "dub": 2,
    "rocksteady": 0,
    "dancehall": 1,
    "soca": 0,
    "reggaeton": 2
  },
  "The Avant-Garde Isles": {
    "experimental": 65,
    "noise": 13,
    "avant-garde": 9,
    "modern classical": 7,
    "minimalism": 0,
    "drone": 7,
    "dark ambient": 5,
    "soundtrack": 12,
    "classical": 66
  }
}