{
  "The Rock Shield": {
    "rock": 395,
    "punk": 71,
    "grunge": 3,
    "hard rock": 36,
    "alternative rock": 44,
    "psychedelic rock": 8,
    "progressive rock": 10,
    "indie rock": 39,
    "rock & roll": 31,
    "rockabilly": 19,
    "surf rock": 1,
    "garage rock": 9,
    "post-punk": 16,
    "new wave": 35,
    "shoegaze": 4,
    "emo": 3,
    "pop-punk": 6,
    "post-rock": 4,
    "stoner rock": 1,
    "hardcore": 20
  },
  "The Electronic Frontier": {
    "electronic": 247,
    "techno": 31,
    "house": 44,
    "trance": 8,
    "ambient": 43,
    "idm": 6,
    "drum and bass": 6,
    "jungle": 4,
    "dubstep": 3,
    "downtempo": 24,
    "synth-pop": 67,
    "electro": 30,
    "industrial": 17,
    "glitch": 0,
    "eurodance": 0,
    "hardstyle": 0,
    "synthwave": 7,
    "trip hop": 4,
    "breakbeat": 3,
    "vaporwave": 18,
    "chiptune": 6,
    "chillout": 4,
    "lounge": 0
  },
  "The Hip-Hop Basin": {
    "hip hop": 47,
    "trap": 5,
    "boom bap": 8,
    "gangsta rap": 2,
    "r&b": 5,
    "soul": 20,
    "funk": 18,
    "disco": 33,
    "motown": 0,
    "neo soul": 0,
    "g-funk": 1,
    "lo-fi": 20,
    "mumble rap": 0
  },
  "The Jazz & Blues Delta": {
    "jazz": 109,
    "blues": 31,
    "swing": 11,
    "bebop": 1,
    "cool jazz": 2,
    "fusion": 9,
    "ragtime": 1,
    "hard bop": 2,
    "delta blues": 0,
    "chicago blues": 1,
    "soul jazz": 3,
    "bossa nova": 1
  },
  "The Pop Archipelago": {
    "pop": 280,
    "teen pop": 0,
    "dance-pop": 6,
    "europop": 6,
    "k-pop": 1,
    "j-pop": 13,
    "power pop": 8,
    "indie pop": 6,
    "dream pop": 2,
    "bubblegum pop": 0,
    "traditional pop": 1
  },
  "The Folk & Roots Plains": {
    "folk": 26,
    "country": 19,
    "bluegrass": 1,
    "americana": 0,
    "acoustic": 1,
    "singer-songwriter": 4,
    "celtic": 1,
    "flamenco": 2,
    "latin": 22,
    "afrobeat": 1,
    "gospel": 1
  },
  "The Metal Peaks": {
    "metal": 66,
    "heavy metal": 42,
    "black metal": 5,
    "death metal": 13,
    "thrash metal": 9,
    "doom metal": 6,
    "nu metal": 0,
    "sludge": 0,
    "gothic metal": 0,
    "power metal": 0,
    "metalcore": 4,
    "grindcore": 3
  },
  "The Tropical Pulse": {
    "reggae": 13,
    "ska": 4,
    "dub": 1,
    "rocksteady": 1,
    "dancehall": 0,
    "soca": 0,
    "reggaeton": 2
  },
  "The Avant-Garde Isles": {
    "experimental": 61,
    "noise": 11,
    "avant-garde": 11,
    "modern classical": 6,
    "minimalism": 1,
    "drone": 4,
    "dark ambient": 4,
    "soundtrack": 12,
    "classical": 79
  }
}