{
  "The Rock Shield": {
    "rock": 397,
    "punk": 71,
    "grunge": 6,
    "hard rock": 43,
    "alternative rock": 43,
    "psychedelic rock": 5,
    "progressive rock": 5,
    "indie rock": 52,
    "rock & roll": 32,
    "rockabilly": 17,
    "surf rock": 1,
    "garage rock": 9,
    "post-punk": 14,
    "new wave": 28,
    "shoegaze": 3,
    "emo": 3,
    "pop-punk": 5,
    "post-rock": 4,
    "stoner rock": 1,
    "hardcore": 19
  },
  "The Electronic Frontier": {
    "electronic": 234,
    "techno": 32,
    "house": 44,
    "trance": 5,
    "ambient": 38,
    "idm": 6,
    "drum and bass": 6,
    "jungle": 4,
    "dubstep": 4,
    "downtempo": 24,
    "synth-pop": 65,
    "electro": 25,
    "industrial": 18,
    "glitch": 0,
    "eurodance": 0,
    "hardstyle": 0,
    "synthwave": 4,
    "trip hop": 2,
    "breakbeat": 2,
    "vaporwave": 19,
    "chiptune": 5,
    "chillout": 3,
    "lounge": 0
  },
  "The Hip-Hop Basin": {
    "hip hop": 50,
    "trap": 6,
    "boom bap": 8,
    "gangsta rap": 2,
    "r&b": 5,
    "soul": 17,
    "funk": 24,
    "disco": 30,
    "motown": 1,
    "neo soul": 0,
    "g-funk": 1,
    "lo-fi": 18,
    "mumble rap": 0
  },
  "The Jazz & Blues Delta": {
    "jazz": 106,
    "blues": 28,
    "swing": 10,
    "bebop": 1,
    "cool jazz": 2,
    "fusion": 9,
    "ragtime": 0,
    "hard bop": 4,
    "delta blues": 0,
    "chicago blues": 0,
    "soul jazz": 3,
    "bossa nova": 3
  },
  "The Pop Archipelago": {
    "pop": 281,
    "teen pop": 0,
    "dance-pop": 2,
    "europop": 11,
    "k-pop": 1,
    "j-pop": 12,
    "power pop": 7,
    "indie pop": 6,
    "dream pop": 1,
    "bubblegum pop": 0,
    "traditional pop": 1
  },
  "The Folk & Roots Plains": {
    "folk": 28,
    "country": 19,
    "bluegrass": 0,
    "americana": 0,
    "acoustic": 1,
    "singer-songwriter": 3,
    "celtic": 1,
    "flamenco": 2,
    "latin": 26,
    "afrobeat": 1,
    "gospel": 0
  },
  "The Metal Peaks": {
    "metal": 61,
    "heavy metal": 42,
    "black metal": 5,
    "death metal": 12,
    "thrash metal": 11,
    "doom metal": 4,
    "nu metal": 0,
    "sludge": 0,
    "gothic metal": 0,
    "power metal": 1,
    "metalcore": 4,
    "grindcore": 2
  },
  "The Tropical Pulse": {
    "reggae": 10,
    "ska": 4,
    "dub": 1,
    "rocksteady": 0,
    "dancehall": 0,
    "soca": 0,
    "reggaeton": 2
  },
  "The Avant-Garde Isles": {
    "experimental": 69,
    "noise": 13,
    "avant-garde": 14,
    "modern classical": 2,
    "minimalism": 0,
    "drone": 6,
    "dark ambient": 6,
    "soundtrack": 9,
    "classical": 69
  }
}