{
  "The Rock Shield": {
    "rock": 427,
    "punk": 79,
    "grunge": 9,
    "hard rock": 34,
    "alternative rock": 55,
    "psychedelic rock": 14,
    "progressive rock": 6,
    "indie rock": 62,
    "rock & roll": 31,
    "rockabilly": 17,
    "surf rock": 2,
    "garage rock": 7,
    "post-punk": 13,
    "new wave": 45,
    "shoegaze": 4,
    "emo": 5,
    "pop-punk": 7,
    "post-rock": 3,
    "stoner rock": 1,
    "hardcore": 28
  },
  "The Electronic Frontier": {
    "electronic": 253,
    "techno": 36,
    "house": 55,
    "trance": 9,
    "ambient": 35,
    "idm": 7,
    "drum and bass": 6,
    "jungle": 4,
    "dubstep": 3,
    "downtempo": 20,
    "synth-pop": 60,
    "electro": 28,
    "industrial": 22,
    "glitch": 2,
    "eurodance": 0,
    "hardstyle": 0,
    "synthwave": 6,
    "trip hop": 2,
    "breakbeat": 2,
    "vaporwave": 16,
    "chiptune": 6,
    "chillout": 3,
    "lounge": 0
  },
  "The Hip-Hop Basin": {
    "hip hop": 50,
    "trap": 6,
    "boom bap": 8,
    "gangsta rap": 3,
    "r&b": 4,
    "soul": 13,
    "funk": 16,
    "disco": 27,
    "motown": 0,
    "neo soul": 0,
    "g-funk": 1,
    "lo-fi": 18,
    "mumble rap": 0
  },
  "The Jazz & Blues Delta": {
    "jazz": 116,
    "blues": 30,
    "swing": 10,
    "bebop": 1,
    "cool jazz": 3,
    "fusion": 9,
    "ragtime": 0,
    "hard bop": 2,
    "delta blues": 0,
    "chicago blues": 1,
    "soul jazz": 2,
    "bossa nova": 1
  },
  "The Pop Archipelago": {
    "pop": 288,
    "teen pop": 1,
    "dance-pop": 4,
    "europop": 13,
    "k-pop": 1,
    "j-pop": 13,
    "power pop": 6,
    "indie pop": 6,
    "dream pop": 3,
    "bubblegum pop": 0,
    "traditional pop": 2
  },
  "The Folk & Roots Plains": {
    "folk": 28,
    "country": 21,
    "bluegrass": 0,
    "americana": 1,
    "acoustic": 1,
    "singer-songwriter": 3,
    "celtic": 2,
    "flamenco": 2,
    "latin": 25,
    "afrobeat": 1,
    "gospel": 1
  },
  "The Metal Peaks": {
    "metal": 67,
    "heavy metal": 37,
    "black metal": 4,
    "death metal": 14,
    "thrash metal": 11,
    "doom metal": 3,
    "nu metal": 0,
    "sludge": 1,
    "gothic metal": 0,
    "power metal": 2,
    "metalcore": 4,
    "grindcore": 5
  },
  "The Tropical Pulse": {
    "reggae": 12,
    "ska": 6,
    "dub": 5,
    "rocksteady": 0,
    "dancehall": 0,
    "soca": 0,
    "reggaeton": 2
  },
  "The Avant-Garde Isles": {
    "experimental": 67,
    "noise": 20,
    "avant-garde": 8,
    "modern classical": 2,
    "minimalism": 0,
    "drone": 4,
    "dark ambient": 5,
    "soundtrack": 18,
    "classical": 72
  }
}