{
  "The Rock Shield": {
    "rock": 399,
    "punk": 60,
    "grunge": 9,
    "hard rock": 44,
    "alternative rock": 53,
    "psychedelic rock": 11,
    "progressive rock": 7,
    "indie rock": 47,
    "rock & roll": 35,
    "rockabilly": 17,
    "surf rock": 2,
    "garage rock": 7,
    "post-punk": 11,
    "new wave": 24,
    "shoegaze": 5,
    "emo": 5,
    "pop-punk": 7,
    "post-rock": 4,
    "stoner rock": 2,
    "hardcore": 25
  },
  "The Electronic Frontier": {
    "electronic": 262,
    "techno": 43,
    "house": 81,
    "trance": 8,
    "ambient": 40,
    "idm": 6,
    "drum and bass": 8,
    "jungle": 5,
    "dubstep": 4,
    "downtempo": 26,
    "synth-pop": 57,
    "electro": 26,
    "industrial": 20,
    "glitch": 2,
    "eurodance": 1,
    "hardstyle": 0,
    "synthwave": 3,
    "trip hop": 3,
    "breakbeat": 4,
    "vaporwave": 14,
    "chiptune": 5,
    "chillout": 3,
    "lounge": 1
  },
  "The Hip-Hop Basin": {
    "hip hop": 64,
    "trap": 6,
    "boom bap": 8,
    "gangsta rap": 3,
    "r&b": 12,
    "soul": 20,
    "funk": 17,
    "disco": 22,
    "motown": 0,
    "neo soul": 2,
    "g-funk": 1,
    "lo-fi": 17,
    "mumble rap": 0
  },
  "The Jazz & Blues Delta": {
    "jazz": 100,
    "blues": 38,
    "swing": 14,
    "bebop": 1,
    "cool jazz": 2,
    "fusion": 7,
    "ragtime": 0,
    "hard bop": 2,
    "delta blues": 0,
    "chicago blues": 1,
    "soul jazz": 2,
    "bossa nova": 1
  },
  "The Pop Archipelago": {
    "pop": 279,
    "teen pop": 0,
    "dance-pop": 9,
    "europop": 19,
    "k-pop": 1,
    "j-pop": 12,
    "power pop": 7,
    "indie pop": 4,
    "dream pop": 1,
    "bubblegum pop": 0,
    "traditional pop": 1
  },
  "The Folk & Roots Plains": {
    "folk": 33,
    "country": 24,
    "bluegrass": 1,
    "americana": 0,
    "acoustic": 1,
    "singer-songwriter": 2,
    "celtic": 1,
    "flamenco": 2,
    "latin": 27,
    "afrobeat": 1,
    "gospel": 1
  },
  "The Metal Peaks": {
    "metal": 70,
    "heavy metal": 39,
    "black metal": 7,
    "death metal": 15,
    "thrash metal": 9,
    "doom metal": 4,
    "nu metal": 0,
    "sludge": 0,
    "gothic metal": 0,
    "power metal": 0,
    "metalcore": 4,
    "grindcore": 2
  },
  "The Tropical Pulse": {
    "reggae": 11,
    "ska": 2,
    "dub": 4,
    "rocksteady": 0,
    "dancehall": 1,
    "soca": 0,
    "reggaeton": 2
  },
  "The Avant-Garde Isles": {
    "experimental": 59,
    "noise": 11,
    "avant-garde": 8,
    "modern classical": 4,
    "minimalism": 0,
    "drone": 5,
    "dark ambient": 6,
    "soundtrack": 10,
    "classical": 71
  }
}