{
  "The Rock Shield": {
    "rock": 442,
    "punk": 86,
    "grunge": 14,
    "hard rock": 51,
    "alternative rock": 80,
    "psychedelic rock": 13,
    "progressive rock": 14,
    "indie rock": 66,
    "rock & roll": 29,
    "rockabilly": 16,
    "surf rock": 1,
    "garage rock": 11,
    "post-punk": 11,
    "new wave": 28,
    "shoegaze": 7,
    "emo": 4,
    "pop-punk": 8,
    "post-rock": 5,
    "stoner rock": 2,
    "hardcore": 27
  },
  "The Electronic Frontier": {
    "electronic": 264,
    "techno": 41,
    "house": 74,
    "trance": 8,
    "ambient": 43,
    "idm": 6,
    "drum and bass": 6,
    "jungle": 5,
    "dubstep": 5,
    "downtempo": 25,
    "synth-pop": 56,
    "electro": 27,
    "industrial": 12,
    "glitch": 0,
    "eurodance": 0,
    "hardstyle": 0,
    "synthwave": 4,
    "trip hop": 3,
    "breakbeat": 9,
    "vaporwave": 16,
    "chiptune": 6,
    "chillout": 3,
    "lounge": 0
  },
  "The Hip-Hop Basin": {
    "hip hop": 68,
    "trap": 5,
    "boom bap": 9,
    "gangsta rap": 2,
    "r&b": 6,
    "soul": 15,
    "funk": 23,
    "disco": 21,
    "motown": 0,
    "neo soul": 0,
    "g-funk": 2,
    "lo-fi": 19,
    "mumble rap": 0
  },
  "The Jazz & Blues Delta": {
    "jazz": 114,
    "blues": 26,
    "swing": 9,
    "bebop": 1,
    "cool jazz": 2,
    "fusion": 8,
    "ragtime": 0,
    "hard bop": 2,
    "delta blues": 0,
    "chicago blues": 0,
    "soul jazz": 3,
    "bossa nova": 1
  },
  "The Pop Archipelago": {
    "pop": 304,
    "teen pop": 0,
    "dance-pop": 9,
    "europop": 14,
    "k-pop": 1,
    "j-pop": 13,
    "power pop": 8,
    "indie pop": 7,
    "dream pop": 2,
    "bubblegum pop": 0,
    "traditional pop": 1
  },
  "The Folk & Roots Plains": {
    "folk": 26,
    "country": 21,
    "bluegrass": 0,
    "americana": 0,
    "acoustic": 2,
    "singer-songwriter": 7,
    "celtic": 2,
    "flamenco": 2,
    "latin": 30,
    "afrobeat": 1,
    "gospel": 0
  },
  "The Metal Peaks": {
    "metal": 83,
    "heavy metal": 47,
    "black metal": 9,
    "death metal": 23,
    "thrash metal": 10,
    "doom metal": 2,
    "nu metal": 0,
    "sludge": 1,
    "gothic metal": 1,
    "power metal": 2,
    "metalcore": 4,
    "grindcore": 3
  },
  "The Tropical Pulse": {
    "reggae": 15,
    "ska": 8,
    "dub": 4,
    "rocksteady": 0,
    "dancehall": 1,
    "soca": 0,
    "reggaeton": 2
  },
  "The Avant-Garde Isles": {
    "experimental": 76,
    "noise": 15,
    "avant-garde": 17,
    "modern classical": 3,
    "minimalism": 0,
    "drone": 5,
    "dark ambient": 4,
    "soundtrack": 13,
    "classical": 90
  }
}