{
  "The Rock Shield": {
    "rock": 426,
    "punk": 74,
    "grunge": 20,
    "hard rock": 54,
    "alternative rock": 70,
    "psychedelic rock": 7,
    "progressive rock": 6,
    "indie rock": 60,
    "rock & roll": 30,
    "rockabilly": 17,
    "surf rock": 1,
    "garage rock": 11,
    "post-punk": 12,
    "new wave": 34,
    "shoegaze": 7,
    "emo": 4,
    "pop-punk": 10,
    "post-rock": 3,
    "stoner rock": 3,
    "hardcore": 24
  },
  "The Electronic Frontier": {
    "electronic": 262,
    "techno": 54,
    "house": 64,
    "trance": 9,
    "ambient": 44,
    "idm": 9,
    "drum and bass": 8,
    "jungle": 6,
    "dubstep": 4,
    "downtempo": 22,
    "synth-pop": 41,
    "electro": 24,
    "industrial": 17,
    "glitch": 0,
    "eurodance": 0,
    "hardstyle": 0,
    "synthwave": 3,
    "trip hop": 3,
    "breakbeat": 8,
    "vaporwave": 19,
    "chiptune": 5,
    "chillout": 4,
    "lounge": 0
  },
  "The Hip-Hop Basin": {
    "hip hop": 53,
    "trap": 5,
    "boom bap": 8,
    "gangsta rap": 2,
    "r&b": 6,
    "soul": 17,
    "funk": 14,
    "disco": 16,
    "motown": 0,
    "neo soul": 0,
    "g-funk": 2,
    "lo-fi": 19,
    "mumble rap": 0
  },
  "The Jazz & Blues Delta": {
    "jazz": 105,
    "blues": 28,
    "swing": 11,
    "bebop": 1,
    "cool jazz": 2,
    "fusion": 9,
    "ragtime": 0,
    "hard bop": 2,
    "delta blues": 0,
    "chicago blues": 1,
    "soul jazz": 2,
    "bossa nova": 1
  },
  "The Pop Archipelago": {
    "pop": 278,
    "teen pop": 1,
    "dance-pop": 4,
    "europop": 19,
    "k-pop": 1,
    "j-pop": 13,
    "power pop": 11,
    "indie pop": 7,
    "dream pop": 1,
    "bubblegum pop": 0,
    "traditional pop": 2
  },
  "The Folk & Roots Plains": {
    "folk": 26,
    "country": 21,
    "bluegrass": 1,
    "americana": 0,
    "acoustic": 1,
    "singer-songwriter": 4,
    "celtic": 1,
    "flamenco": 3,
    "latin": 28,
    "afrobeat": 1,
    "gospel": 0
  },
  "The Metal Peaks": {
    "metal": 71,
    "heavy metal": 42,
    "black metal": 8,
    "death metal": 15,
    "thrash metal": 8,
    "doom metal": 7,
    "nu metal": 0,
    "sludge": 2,
    "gothic metal": 0,
    "power metal": 1,
    "metalcore": 4,
    "grindcore": 2
  },
  "The Tropical Pulse": {
    "reggae": 14,
    "ska": 8,
    "dub": 4,
    "rocksteady": 0,
    "dancehall": 0,
    "soca": 0,
    "reggaeton": 2
  },
  "The Avant-Garde Isles": {
    "experimental": 61,
    "noise": 13,
    "avant-garde": 9,
    "modern classical": 5,
    "minimalism": 0,
    "drone": 5,
    "dark ambient": 5,
    "soundtrack": 16,
    "classical": 86
  }
}