{
  "The Rock Shield": {
    "rock": 433,
    "punk": 80,
    "grunge": 22,
    "hard rock": 36,
    "alternative rock": 83,
    "psychedelic rock": 10,
    "progressive rock": 6,
    "indie rock": 53,
    "rock & roll": 31,
    "rockabilly": 17,
    "surf rock": 1,
    "garage rock": 8,
    "post-punk": 11,
    "new wave": 30,
    "shoegaze": 6,
    "emo": 4,
    "pop-punk": 5,
    "post-rock": 3,
    "stoner rock": 1,
    "hardcore": 23
  },
  "The Electronic Frontier": {
    "electronic": 254,
    "techno": 45,
    "house": 71,
    "trance": 8,
    "ambient": 38,
    "idm": 11,
    "drum and bass": 6,
    "jungle": 6,
    "dubstep": 4,
    "downtempo": 22,
    "synth-pop": 47,
    "electro": 26,
    "industrial": 15,
    "glitch": 1,
    "eurodance": 7,
    "hardstyle": 0,
    "synthwave": 2,
    "trip hop": 2,
    "breakbeat": 4,
    "vaporwave": 17,
    "chiptune": 5,
    "chillout": 3,
    "lounge": 1
  },
  "The Hip-Hop Basin": {
    "hip hop": 62,
    "trap": 6,
    "boom bap": 9,
    "gangsta rap": 2,
    "r&b": 6,
    "soul": 14,
    "funk": 18,
    "disco": 21,
    "motown": 0,
    "neo soul": 1,
    "g-funk": 1,
    "lo-fi": 17,
    "mumble rap": 0
  },
  "The Jazz & Blues Delta": {
    "jazz": 105,
    "blues": 21,
    "swing": 11,
    "bebop": 1,
    "cool jazz": 2,
    "fusion": 5,
    "ragtime": 0,
    "hard bop": 2,
    "delta blues": 0,
    "chicago blues": 0,
    "soul jazz": 2,
    "bossa nova": 1
  },
  "The Pop Archipelago": {
    "pop": 276,
    "teen pop": 0,
    "dance-pop": 4,
    "europop": 14,
    "k-pop": 1,
    "j-pop": 12,
    "power pop": 7,
    "indie pop": 5,
    "dream pop": 3,
    "bubblegum pop": 0,
    "traditional pop": 1
  },
  "The Folk & Roots Plains": {
    "folk": 28,
    "country": 19,
    "bluegrass": 0,
    "americana": 0,
    "acoustic": 1,
    "singer-songwriter": 4,
    "celtic": 1,
    "flamenco": 2,
    "latin": 26,
    "afrobeat": 1,
    "gospel": 3
  },
  "The Metal Peaks": {
    "metal": 62,
    "heavy metal": 28,
    "black metal": 9,
    "death metal": 12,
    "thrash metal": 5,
    "doom metal": 2,
    "nu metal": 1,
    "sludge": 1,
    "gothic metal": 1,
    "power metal": 0,
    "metalcore": 4,
    "grindcore": 4
  },
  "The Tropical Pulse": {
    "reggae": 12,
    "ska": 6,
    "dub": 2,
    "rocksteady": 0,
    "dancehall": 1,
    "soca": 0,
    "reggaeton": 2
  },
  "The Avant-Garde Isles": {
    "experimental": 68,
    "noise": 18,
    "avant-garde": 12,
    "modern classical": 4,
    "minimalism": 0,
    "drone": 8,
    "dark ambient": 5,
    "soundtrack": 13,
    "classical": 72
  }
}