{
  "The Rock Shield": {
    "rock": 480,
    "punk": 82,
    "grunge": 19,
    "hard rock": 38,
    "alternative rock": 89,
    "psychedelic rock": 8,
    "progressive rock": 11,
    "indie rock": 73,
    "rock & roll": 32,
    "rockabilly": 18,
    "surf rock": 1,
    "garage rock": 13,
    "post-punk": 9,
    "new wave": 24,
    "shoegaze": 5,
    "emo": 10,
    "pop-punk": 12,
    "post-rock": 3,
    "stoner rock": 4,
    "hardcore": 26
  },
  "The Electronic Frontier": {
    "electronic": 296,
    "techno": 48,
    "house": 90,
    "trance": 15,
    "ambient": 47,
    "idm": 9,
    "drum and bass": 7,
    "jungle": 6,
    "dubstep": 3,
    "downtempo": 30,
    "synth-pop": 42,
    "electro": 27,
    "industrial": 25,
    "glitch": 0,
    "eurodance": 10,
    "hardstyle": 0,
    "synthwave": 2,
    "trip hop": 7,
    "breakbeat": 7,
    "vaporwave": 14,
    "chiptune": 5,
    "chillout": 3,
    "lounge": 0
  },
  "The Hip-Hop Basin": {
    "hip hop": 72,
    "trap": 7,
    "boom bap": 8,
    "gangsta rap": 1,
    "r&b": 10,
    "soul": 18,
    "funk": 22,
    "disco": 19,
    "motown": 0,
    "neo soul": 0,
    "g-funk": 2,
    "lo-fi": 20,
    "mumble rap": 0
  },
  "The Jazz & Blues Delta": {
    "jazz": 123,
    "blues": 38,
    "swing": 12,
    "bebop": 1,
    "cool jazz": 2,
    "fusion": 8,
    "ragtime": 0,
    "hard bop": 2,
    "delta blues": 0,
    "chicago blues": 0,
    "soul jazz": 2,
    "bossa nova": 1
  },
  "The Pop Archipelago": {
    "pop": 322,
    "teen pop": 0,
    "dance-pop": 5,
    "europop": 25,
    "k-pop": 1,
    "j-pop": 13,
    "power pop": 8,
    "indie pop": 5,
    "dream pop": 3,
    "bubblegum pop": 0,
    "traditional pop": 1
  },
  "The Folk & Roots Plains": {
    "folk": 35,
    "country": 34,
    "bluegrass": 1,
    "americana": 1,
    "acoustic": 1,
    "singer-songwriter": 5,
    "celtic": 3,
    "flamenco": 2,
    "latin": 27,
    "afrobeat": 1,
    "gospel": 2
  },
  "The Metal Peaks": {
    "black metal": 11,
    "death metal": 8,
    "thrash metal": 7,
    "doom metal": 2,
    "nu metal": 0,
    "sludge": 0,
    "gothic metal": 0,
    "power metal": 3,
    "metalcore": 4,
    "grindcore": 1,
    "heavy metal": 40,
    "metal": 88
  },
  "The Tropical Pulse": {
    "reggae": 19,
    "ska": 9,
    "dub": 4,
    "rocksteady": 1,
    "dancehall": 3,
    "soca": 0,
    "reggaeton": 2
  },
  "The Avant-Garde Isles": {
    "experimental": 76,
    "noise": 16,
    "avant-garde": 12,
    "modern classical": 6,
    "minimalism": 0,
    "drone": 5,
    "dark ambient": 7,
    "soundtrack": 14,
    "classical": 75
  }
}