{
  "The Rock Shield": {
    "rock": 444,
    "punk": 88,
    "grunge": 14,
    "hard rock": 41,
    "alternative rock": 98,
    "psychedelic rock": 9,
    "progressive rock": 11,
    "indie rock": 67,
    "rock & roll": 32,
    "rockabilly": 18,
    "surf rock": 2,
    "garage rock": 10,
    "post-punk": 13,
    "new wave": 30,
    "shoegaze": 4,
    "emo": 4,
    "pop-punk": 10,
    "post-rock": 5,
    "stoner rock": 3,
    "hardcore": 36
  },
  "The Electronic Frontier": {
    "electronic": 296,
    "techno": 44,
    "house": 79,
    "trance": 20,
    "ambient": 56,
    "idm": 11,
    "drum and bass": 6,
    "jungle": 5,
    "dubstep": 3,
    "downtempo": 31,
    "synth-pop": 38,
    "electro": 26,
    "industrial": 31,
    "glitch": 1,
    "eurodance": 6,
    "hardstyle": 0,
    "synthwave": 2,
    "trip hop": 10,
    "breakbeat": 8,
    "vaporwave": 18,
    "chiptune": 5,
    "chillout": 4,
    "lounge": 1
  },
  "The Hip-Hop Basin": {
    "hip hop": 77,
    "trap": 5,
    "boom bap": 9,
    "gangsta rap": 1,
    "r&b": 13,
    "soul": 16,
    "funk": 16,
    "disco": 19,
    "motown": 0,
    "neo soul": 1,
    "g-funk": 1,
    "lo-fi": 17,
    "mumble rap": 0
  },
  "The Jazz & Blues Delta": {
    "jazz": 140,
    "blues": 28,
    "swing": 14,
    "bebop": 1,
    "cool jazz": 3,
    "fusion": 6,
    "ragtime": 2,
    "hard bop": 2,
    "delta blues": 0,
    "chicago blues": 1,
    "soul jazz": 3,
    "bossa nova": 1
  },
  "The Pop Archipelago": {
    "pop": 288,
    "teen pop": 0,
    "dance-pop": 8,
    "europop": 14,
    "k-pop": 1,
    "j-pop": 13,
    "power pop": 7,
    "indie pop": 7,
    "dream pop": 4,
    "bubblegum pop": 0,
    "traditional pop": 3
  },
  "The Folk & Roots Plains": {
    "folk": 41,
    "country": 32,
    "bluegrass": 2,
    "americana": 1,
    "acoustic": 1,
    "singer-songwriter": 5,
    "celtic": 5,
    "flamenco": 2,
    "latin": 23,
    "afrobeat": 1,
    "gospel": 1
  },
  "The Metal Peaks": {
    "black metal": 12,
    "death metal": 20,
    "thrash metal": 5,
    "doom metal": 5,
    "nu metal": 3,
    "sludge": 2,
    "gothic metal": 3,
    "power metal": 0,
    "metalcore": 4,
    "grindcore": 1,
    "heavy metal": 35,
    "metal": 88
  },
  "The Tropical Pulse": {
    "reggae": 24,
    "ska": 7,
    "dub": 4,
    "rocksteady": 0,
    "dancehall": 6,
    "soca": 0,
    "reggaeton": 2
  },
  "The Avant-Garde Isles": {
    "experimental": 72,
    "noise": 21,
    "avant-garde": 9,
    "modern classical": 5,
    "minimalism": 0,
    "drone": 7,
    "dark ambient": 5,
    "soundtrack": 10,
    "classical": 69
  }
}