{
  "The Rock Shield": {
    "rock": 405,
    "punk": 74,
    "grunge": 15,
    "hard rock": 42,
    "alternative rock": 84,
    "psychedelic rock": 7,
    "progressive rock": 9,
    "indie rock": 72,
    "rock & roll": 33,
    "rockabilly": 17,
    "surf rock": 1,
    "garage rock": 11,
    "post-punk": 9,
    "new wave": 28,
    "shoegaze": 6,
    "emo": 8,
    "pop-punk": 10,
    "post-rock": 7,
    "stoner rock": 3,
    "hardcore": 30
  },
  "The Electronic Frontier": {
    "electronic": 307,
    "techno": 41,
    "house": 80,
    "trance": 28,
    "ambient": 49,
    "idm": 8,
    "drum and bass": 7,
    "jungle": 5,
    "dubstep": 3,
    "downtempo": 35,
    "synth-pop": 39,
    "electro": 35,
    "industrial": 25,
    "glitch": 1,
    "eurodance": 6,
    "hardstyle": 0,
    "synthwave": 4,
    "trip hop": 5,
    "breakbeat": 9,
    "vaporwave": 17,
    "chiptune": 6,
    "chillout": 3,
    "lounge": 4
  },
  "The Hip-Hop Basin": {
    "hip hop": 85,
    "trap": 6,
    "boom bap": 9,
    "gangsta rap": 1,
    "r&b": 8,
    "soul": 19,
    "funk": 17,
    "disco": 21,
    "motown": 0,
    "neo soul": 1,
    "g-funk": 1,
    "lo-fi": 19,
    "mumble rap": 0
  },
  "The Jazz & Blues Delta": {
    "jazz": 118,
    "blues": 24,
    "swing": 14,
    "bebop": 1,
    "cool jazz": 2,
    "fusion": 7,
    "ragtime": 0,
    "hard bop": 2,
    "delta blues": 0,
    "chicago blues": 0,
    "soul jazz": 5,
    "bossa nova": 1
  },
  "The Pop Archipelago": {
    "pop": 288,
    "teen pop": 1,
    "dance-pop": 5,
    "europop": 12,
    "k-pop": 1,
    "j-pop": 13,
    "power pop": 8,
    "indie pop": 10,
    "dream pop": 3,
    "bubblegum pop": 0,
    "traditional pop": 2
  },
  "The Folk & Roots Plains": {
    "folk": 33,
    "country": 25,
    "bluegrass": 0,
    "americana": 0,
    "acoustic": 3,
    "singer-songwriter": 2,
    "celtic": 2,
    "flamenco": 2,
    "latin": 28,
    "afrobeat": 3,
    "gospel": 1
  },
  "The Metal Peaks": {
    "black metal": 12,
    "death metal": 14,
    "thrash metal": 6,
    "doom metal": 4,
    "nu metal": 3,
    "sludge": 0,
    "gothic metal": 0,
    "power metal": 2,
    "metalcore": 5,
    "grindcore": 4,
    "heavy metal": 32,
    "metal": 78
  },
  "The Tropical Pulse": {
    "reggae": 13,
    "ska": 7,
    "dub": 6,
    "rocksteady": 1,
    "dancehall": 3,
    "soca": 0,
    "reggaeton": 2
  },
  "The Avant-Garde Isles": {
    "experimental": 72,
    "noise": 14,
    "avant-garde": 12,
    "modern classical": 5,
    "minimalism": 0,
    "drone": 3,
    "dark ambient": 8,
    "soundtrack": 12,
    "classical": 76
  }
}