{
  "The Rock Shield": {
    "rock": 393,
    "punk": 69,
    "grunge": 10,
    "hard rock": 24,
    "alternative rock": 80,
    "psychedelic rock": 9,
    "progressive rock": 7,
    "indie rock": 75,
    "rock & roll": 27,
    "rockabilly": 17,
    "surf rock": 1,
    "garage rock": 11,
    "post-punk": 9,
    "new wave": 17,
    "shoegaze": 4,
    "emo": 4,
    "pop-punk": 10,
    "post-rock": 12,
    "stoner rock": 1,
    "hardcore": 30
  },
  "The Electronic Frontier": {
    "electronic": 314,
    "techno": 43,
    "house": 95,
    "trance": 29,
    "ambient": 49,
    "idm": 11,
    "drum and bass": 11,
    "jungle": 7,
    "dubstep": 3,
    "downtempo": 29,
    "synth-pop": 40,
    "electro": 32,
    "industrial": 22,
    "glitch": 0,
    "eurodance": 7,
    "hardstyle": 0,
    "synthwave": 2,
    "trip hop": 9,
    "breakbeat": 13,
    "vaporwave": 16,
    "chiptune": 5,
    "chillout": 6,
    "lounge": 1
  },
  "The Hip-Hop Basin": {
    "hip hop": 84,
    "trap": 5,
    "boom bap": 8,
    "gangsta rap": 1,
    "r&b": 6,
    "soul": 18,
    "funk": 11,
    "disco": 19,
    "motown": 0,
    "neo soul": 1,
    "g-funk": 1,
    "lo-fi": 19,
    "mumble rap": 0
  },
  "The Jazz & Blues Delta": {
    "jazz": 126,
    "blues": 26,
    "swing": 10,
    "bebop": 1,
    "cool jazz": 2,
    "fusion": 6,
    "ragtime": 0,
    "hard bop": 3,
    "delta blues": 0,
    "chicago blues": 0,
    "soul jazz": 3,
    "bossa nova": 1
  },
  "The Pop Archipelago": {
    "pop": 303,
    "teen pop": 0,
    "dance-pop": 6,
    "europop": 27,
    "k-pop": 1,
    "j-pop": 15,
    "power pop": 23,
    "indie pop": 4,
    "dream pop": 1,
    "bubblegum pop": 0,
    "traditional pop": 2
  },
  "The Folk & Roots Plains": {
    "folk": 27,
    "country": 24,
    "bluegrass": 0,
    "americana": 1,
    "acoustic": 2,
    "singer-songwriter": 7,
    "celtic": 1,
    "flamenco": 1,
    "latin": 25,
    "afrobeat": 1,
    "gospel": 1
  },
  "The Metal Peaks": {
    "black metal": 9,
    "death metal": 14,
    "thrash metal": 4,
    "doom metal": 2,
    "nu metal": 3,
    "sludge": 0,
    "gothic metal": 2,
    "power metal": 1,
    "metalcore": 4,
    "grindcore": 4,
    "heavy metal": 24,
    "metal": 69
  },
  "The Tropical Pulse": {
    "reggae": 18,
    "ska": 10,
    "dub": 2,
    "rocksteady": 0,
    "dancehall": 1,
    "soca": 1,
    "reggaeton": 2
  },
  "The Avant-Garde Isles": {
    "experimental": 81,
    "noise": 18,
    "avant-garde": 19,
    "modern classical": 6,
    "minimalism": 0,
    "drone": 6,
    "dark ambient": 7,
    "soundtrack": 10,
    "classical": 80
  }
}