{
  "The Rock Shield": {
    "rock": 430,
    "punk": 66,
    "grunge": 9,
    "hard rock": 30,
    "alternative rock": 74,
    "psychedelic rock": 5,
    "progressive rock": 8,
    "indie rock": 68,
    "rock & roll": 27,
    "rockabilly": 16,
    "surf rock": 1,
    "garage rock": 9,
    "post-punk": 11,
    "new wave": 22,
    "shoegaze": 8,
    "emo": 7,
    "pop-punk": 9,
    "post-rock": 6,
    "stoner rock": 2,
    "hardcore": 21
  },
  "The Electronic Frontier": {
    "electronic": 335,
    "techno": 44,
    "house": 105,
    "trance": 39,
    "ambient": 43,
    "idm": 13,
    "drum and bass": 7,
    "jungle": 5,
    "dubstep": 3,
    "downtempo": 35,
    "synth-pop": 51,
    "electro": 30,
    "industrial": 17,
    "glitch": 0,
    "eurodance": 4,
    "hardstyle": 0,
    "synthwave": 3,
    "trip hop": 14,
    "breakbeat": 14,
    "vaporwave": 15,
    "chiptune": 5,
    "chillout": 3,
    "lounge": 1
  },
  "The Hip-Hop Basin": {
    "hip hop": 93,
    "trap": 5,
    "boom bap": 12,
    "gangsta rap": 1,
    "r&b": 8,
    "soul": 17,
    "funk": 17,
    "disco": 17,
    "motown": 0,
    "neo soul": 2,
    "g-funk": 2,
    "lo-fi": 20,
    "mumble rap": 0
  },
  "The Jazz & Blues Delta": {
    "jazz": 115,
    "blues": 28,
    "swing": 16,
    "bebop": 1,
    "cool jazz": 2,
    "fusion": 5,
    "ragtime": 1,
    "hard bop": 2,
    "delta blues": 0,
    "chicago blues": 0,
    "soul jazz": 3,
    "bossa nova": 1
  },
  "The Pop Archipelago": {
    "pop": 307,
    "teen pop": 0,
    "dance-pop": 6,
    "europop": 31,
    "k-pop": 1,
    "j-pop": 12,
    "power pop": 11,
    "indie pop": 8,
    "dream pop": 3,
    "bubblegum pop": 0,
    "traditional pop": 2
  },
  "The Folk & Roots Plains": {
    "folk": 37,
    "country": 20,
    "bluegrass": 1,
    "americana": 0,
    "acoustic": 3,
    "singer-songwriter": 3,
    "celtic": 2,
    "flamenco": 1,
    "latin": 29,
    "afrobeat": 1,
    "gospel": 2
  },
  "The Metal Peaks": {
    "black metal": 8,
    "death metal": 13,
    "thrash metal": 8,
    "doom metal": 3,
    "nu metal": 7,
    "sludge": 0,
    "gothic metal": 2,
    "power metal": 1,
    "metalcore": 4,
    "grindcore": 4,
    "heavy metal": 31,
    "metal": 79
  },
  "The Tropical Pulse": {
    "reggae": 13,
    "ska": 5,
    "dub": 4,
    "rocksteady": 0,
    "dancehall": 3,
    "soca": 2,
    "reggaeton": 2
  },
  "The Avant-Garde Isles": {
    "experimental": 74,
    "noise": 10,
    "avant-garde": 17,
    "modern classical": 8,
    "minimalism": 0,
    "drone": 4,
    "dark ambient": 4,
    "soundtrack": 19,
    "classical": 77
  }
}