{
  "The Rock Shield": {
    "rock": 449,
    "punk": 66,
    "grunge": 9,
    "hard rock": 26,
    "alternative rock": 73,
    "psychedelic rock": 9,
    "progressive rock": 13,
    "indie rock": 66,
    "rock & roll": 30,
    "rockabilly": 17,
    "surf rock": 2,
    "garage rock": 10,
    "post-punk": 14,
    "new wave": 22,
    "shoegaze": 6,
    "emo": 8,
    "pop-punk": 8,
    "post-rock": 11,
    "stoner rock": 2,
    "hardcore": 22
  },
  "The Electronic Frontier": {
    "electronic": 385,
    "techno": 46,
    "house": 132,
    "trance": 56,
    "ambient": 51,
    "idm": 19,
    "drum and bass": 6,
    "jungle": 7,
    "dubstep": 4,
    "downtempo": 34,
    "synth-pop": 61,
    "electro": 49,
    "industrial": 30,
    "glitch": 1,
    "eurodance": 11,
    "hardstyle": 0,
    "synthwave": 4,
    "trip hop": 11,
    "breakbeat": 9,
    "vaporwave": 14,
    "chiptune": 5,
    "chillout": 3,
    "lounge": 2
  },
  "The Hip-Hop Basin": {
    "hip hop": 113,
    "trap": 6,
    "boom bap": 10,
    "gangsta rap": 6,
    "r&b": 15,
    "soul": 33,
    "funk": 29,
    "disco": 34,
    "motown": 0,
    "neo soul": 3,
    "g-funk": 5,
    "lo-fi": 20,
    "mumble rap": 0
  },
  "The Jazz & Blues Delta": {
    "jazz": 117,
    "blues": 23,
    "swing": 8,
    "bebop": 1,
    "cool jazz": 4,
    "fusion": 8,
    "ragtime": 0,
    "hard bop": 2,
    "delta blues": 1,
    "chicago blues": 0,
    "soul jazz": 3,
    "bossa nova": 2
  },
  "The Pop Archipelago": {
    "pop": 363,
    "teen pop": 1,
    "dance-pop": 18,
    "europop": 29,
    "k-pop": 1,
    "j-pop": 12,
    "power pop": 12,
    "indie pop": 6,
    "dream pop": 5,
    "bubblegum pop": 0,
    "traditional pop": 3
  },
  "The Folk & Roots Plains": {
    "folk": 38,
    "country": 24,
    "bluegrass": 2,
    "americana": 0,
    "acoustic": 1,
    "singer-songwriter": 2,
    "celtic": 2,
    "flamenco": 1,
    "latin": 34,
    "afrobeat": 1,
    "gospel": 2
  },
  "The Metal Peaks": {
    "black metal": 12,
    "death metal": 17,
    "thrash metal": 5,
    "doom metal": 8,
    "nu metal": 4,
    "sludge": 3,
    "gothic metal": 2,
    "power metal": 2,
    "metalcore": 4,
    "grindcore": 6,
    "heavy metal": 35,
    "metal": 86
  },
  "The Tropical Pulse": {
    "reggae": 19,
    "ska": 6,
    "dub": 4,
    "rocksteady": 1,
    "dancehall": 4,
    "soca": 1,
    "reggaeton": 2
  },
  "The Avant-Garde Isles": {
    "experimental": 85,
    "noise": 19,
    "avant-garde": 13,
    "modern classical": 9,
    "minimalism": 0,
    "drone": 6,
    "dark ambient": 7,
    "soundtrack": 12,
    "classical": 81
  }
}