{
  "The Rock Shield": {
    "rock": 573,
    "punk": 114,
    "grunge": 17,
    "hard rock": 53,
    "alternative rock": 124,
    "psychedelic rock": 27,
    "progressive rock": 13,
    "indie rock": 106,
    "rock & roll": 45,
    "rockabilly": 23,
    "surf rock": 1,
    "garage rock": 14,
    "post-punk": 15,
    "new wave": 32,
    "shoegaze": 5,
    "emo": 12,
    "pop-punk": 13,
    "post-rock": 11,
    "stoner rock": 1,
    "hardcore": 40
  },
  "The Electronic Frontier": {
    "electronic": 587,
    "techno": 131,
    "house": 347,
    "trance": 229,
    "ambient": 89,
    "idm": 22,
    "drum and bass": 18,
    "jungle": 11,
    "dubstep": 5,
    "downtempo": 72,
    "synth-pop": 106,
    "electro": 88,
    "industrial": 52,
    "glitch": 1,
    "eurodance": 23,
    "hardstyle": 1,
    "synthwave": 7,
    "trip hop": 13,
    "breakbeat": 23,
    "vaporwave": 25,
    "chiptune": 9,
    "chillout": 4,
    "lounge": 5
  },
  "The Hip-Hop Basin": {
    "hip hop": 183,
    "trap": 8,
    "boom bap": 13,
    "gangsta rap": 7,
    "r&b": 22,
    "soul": 36,
    "funk": 41,
    "disco": 68,
    "motown": 0,
    "neo soul": 1,
    "g-funk": 4,
    "lo-fi": 30,
    "mumble rap": 0
  },
  "The Jazz & Blues Delta": {
    "jazz": 150,
    "blues": 57,
    "swing": 20,
    "bebop": 1,
    "cool jazz": 6,
    "fusion": 12,
    "ragtime": 0,
    "hard bop": 4,
    "delta blues": 0,
    "chicago blues": 1,
    "soul jazz": 4,
    "bossa nova": 5
  },
  "The Pop Archipelago": {
    "pop": 458,
    "teen pop": 1,
    "dance-pop": 22,
    "europop": 89,
    "k-pop": 1,
    "j-pop": 21,
    "power pop": 14,
    "indie pop": 12,
    "dream pop": 3,
    "bubblegum pop": 0,
    "traditional pop": 1
  },
  "The Folk & Roots Plains": {
    "folk": 61,
    "country": 33,
    "bluegrass": 2,
    "americana": 0,
    "acoustic": 5,
    "singer-songwriter": 4,
    "celtic": 9,
    "flamenco": 1,
    "latin": 72,
    "afrobeat": 4,
    "gospel": 6
  },
  "The Metal Peaks": {
    "black metal": 17,
    "death metal": 29,
    "thrash metal": 5,
    "doom metal": 5,
    "nu metal": 13,
    "sludge": 4,
    "gothic metal": 3,
    "power metal": 2,
    "metalcore": 7,
    "grindcore": 7,
    "heavy metal": 52,
    "metal": 117
  },
  "The Tropical Pulse": {
    "reggae": 39,
    "ska": 12,
    "dub": 15,
    "rocksteady": 2,
    "dancehall": 10,
    "soca": 2,
    "reggaeton": 4
  },
  "The Avant-Garde Isles": {
    "experimental": 128,
    "noise": 29,
    "avant-garde": 25,
    "modern classical": 13,
    "minimalism": 1,
    "drone": 5,
    "dark ambient": 12,
    "soundtrack": 21,
    "classical": 99
  }
}