{
  "The Rock Shield": {
    "rock": 563,
    "punk": 90,
    "grunge": 8,
    "hard rock": 42,
    "alternative rock": 106,
    "psychedelic rock": 14,
    "progressive rock": 6,
    "indie rock": 72,
    "rock & roll": 32,
    "rockabilly": 18,
    "surf rock": 1,
    "garage rock": 16,
    "post-punk": 14,
    "new wave": 19,
    "shoegaze": 3,
    "emo": 15,
    "pop-punk": 10,
    "post-rock": 9,
    "stoner rock": 3,
    "hardcore": 36
  },
  "The Electronic Frontier": {
    "electronic": 660,
    "techno": 99,
    "house": 244,
    "trance": 190,
    "ambient": 75,
    "idm": 21,
    "drum and bass": 12,
    "jungle": 7,
    "dubstep": 4,
    "downtempo": 60,
    "synth-pop": 80,
    "electro": 78,
    "industrial": 37,
    "glitch": 1,
    "eurodance": 17,
    "hardstyle": 0,
    "synthwave": 2,
    "trip hop": 13,
    "breakbeat": 26,
    "vaporwave": 14,
    "chiptune": 5,
    "chillout": 5,
    "lounge": 3
  },
  "The Hip-Hop Basin": {
    "hip hop": 158,
    "trap": 5,
    "boom bap": 10,
    "gangsta rap": 3,
    "r&b": 14,
    "soul": 16,
    "funk": 21,
    "disco": 43,
    "motown": 0,
    "neo soul": 1,
    "g-funk": 2,
    "lo-fi": 18,
    "mumble rap": 0
  },
  "The Jazz & Blues Delta": {
    "jazz": 149,
    "blues": 37,
    "swing": 15,
    "bebop": 1,
    "cool jazz": 3,
    "fusion": 12,
    "ragtime": 0,
    "hard bop": 2,
    "delta blues": 0,
    "chicago blues": 0,
    "soul jazz": 2,
    "bossa nova": 5
  },
  "The Pop Archipelago": {
    "pop": 476,
    "teen pop": 0,
    "dance-pop": 17,
    "europop": 64,
    "k-pop": 2,
    "j-pop": 18,
    "power pop": 11,
    "indie pop": 8,
    "dream pop": 2,
    "bubblegum pop": 0,
    "traditional pop": 1
  },
  "The Folk & Roots Plains": {
    "folk": 49,
    "country": 32,
    "bluegrass": 3,
    "americana": 1,
    "acoustic": 4,
    "singer-songwriter": 4,
    "celtic": 2,
    "flamenco": 2,
    "latin": 56,
    "afrobeat": 1,
    "gospel": 1
  },
  "The Metal Peaks": {
    "metal": 81,
    "heavy metal": 39,
    "black metal": 16,
    "death metal": 18,
    "thrash metal": 4,
    "doom metal": 3,
    "nu metal": 13,
    "sludge": 2,
    "gothic metal": 3,
    "power metal": 2,
    "metalcore": 5,
    "grindcore": 3
  },
  "The Tropical Pulse": {
    "reggae": 21,
    "ska": 5,
    "dub": 8,
    "rocksteady": 0,
    "dancehall": 3,
    "soca": 1,
    "reggaeton": 2
  },
  "The Avant-Garde Isles": {
    "experimental": 93,
    "noise": 17,
    "avant-garde": 10,
    "modern classical": 8,
    "minimalism": 0,
    "drone": 3,
    "dark ambient": 6,
    "soundtrack": 13,
    "classical": 91
  }
}