{
  "The Rock Shield": {
    "rock": 571,
    "punk": 90,
    "grunge": 9,
    "hard rock": 39,
    "alternative rock": 91,
    "psychedelic rock": 18,
    "progressive rock": 10,
    "indie rock": 72,
    "rock & roll": 36,
    "rockabilly": 19,
    "surf rock": 1,
    "garage rock": 12,
    "post-punk": 12,
    "new wave": 22,
    "shoegaze": 4,
    "emo": 9,
    "pop-punk": 13,
    "post-rock": 7,
    "stoner rock": 5,
    "hardcore": 30
  },
  "The Electronic Frontier": {
    "electronic": 642,
    "techno": 89,
    "house": 261,
    "trance": 195,
    "ambient": 78,
    "idm": 15,
    "drum and bass": 12,
    "jungle": 6,
    "dubstep": 5,
    "downtempo": 74,
    "synth-pop": 57,
    "electro": 67,
    "industrial": 35,
    "glitch": 3,
    "eurodance": 12,
    "hardstyle": 8,
    "synthwave": 3,
    "trip hop": 18,
    "breakbeat": 16,
    "vaporwave": 19,
    "chiptune": 10,
    "chillout": 6,
    "lounge": 0
  },
  "The Hip-Hop Basin": {
    "hip hop": 146,
    "trap": 6,
    "boom bap": 10,
    "gangsta rap": 4,
    "r&b": 15,
    "soul": 18,
    "funk": 28,
    "disco": 28,
    "motown": 0,
    "neo soul": 2,
    "g-funk": 2,
    "lo-fi": 20,
    "mumble rap": 0
  },
  "The Jazz & Blues Delta": {
    "jazz": 158,
    "blues": 47,
    "swing": 13,
    "bebop": 1,
    "cool jazz": 3,
    "fusion": 8,
    "ragtime": 1,
    "hard bop": 2,
    "delta blues": 0,
    "chicago blues": 0,
    "soul jazz": 3,
    "bossa nova": 1
  },
  "The Pop Archipelago": {
    "pop": 485,
    "teen pop": 2,
    "dance-pop": 16,
    "europop": 63,
    "k-pop": 3,
    "j-pop": 21,
    "power pop": 10,
    "indie pop": 5,
    "dream pop": 2,
    "bubblegum pop": 0,
    "traditional pop": 2
  },
  "The Folk & Roots Plains": {
    "folk": 55,
    "country": 27,
    "bluegrass": 4,
    "americana": 0,
    "acoustic": 4,
    "singer-songwriter": 7,
    "celtic": 3,
    "flamenco": 2,
    "latin": 57,
    "afrobeat": 3,
    "gospel": 3
  },
  "The Metal Peaks": {
    "metal": 88,
    "heavy metal": 41,
    "black metal": 13,
    "death metal": 29,
    "thrash metal": 3,
    "doom metal": 4,
    "nu metal": 3,
    "sludge": 3,
    "gothic metal": 3,
    "power metal": 0,
    "metalcore": 7,
    "grindcore": 6
  },
  "The Tropical Pulse": {
    "reggae": 24,
    "ska": 5,
    "dub": 10,
    "rocksteady": 1,
    "dancehall": 2,
    "soca": 1,
    "reggaeton": 3
  },
  "The Avant-Garde Isles": {
    "experimental": 104,
    "noise": 19,
    "avant-garde": 13,
    "modern classical": 8,
    "minimalism": 0,
    "drone": 7,
    "dark ambient": 10,
    "soundtrack": 15,
    "classical": 90
  }
}