{
  "The Rock Shield": {
    "rock": 569,
    "punk": 77,
    "grunge": 10,
    "hard rock": 32,
    "alternative rock": 102,
    "psychedelic rock": 9,
    "progressive rock": 15,
    "indie rock": 90,
    "rock & roll": 37,
    "rockabilly": 19,
    "surf rock": 1,
    "garage rock": 17,
    "post-punk": 11,
    "new wave": 22,
    "shoegaze": 4,
    "emo": 9,
    "pop-punk": 14,
    "post-rock": 13,
    "stoner rock": 6,
    "hardcore": 22
  },
  "The Electronic Frontier": {
    "electronic": 612,
    "techno": 68,
    "house": 242,
    "trance": 154,
    "ambient": 71,
    "idm": 13,
    "drum and bass": 11,
    "jungle": 6,
    "dubstep": 4,
    "downtempo": 50,
    "synth-pop": 73,
    "electro": 72,
    "industrial": 37,
    "glitch": 2,
    "eurodance": 17,
    "hardstyle": 10,
    "synthwave": 3,
    "trip hop": 5,
    "breakbeat": 15,
    "vaporwave": 21,
    "chiptune": 8,
    "chillout": 7,
    "lounge": 2
  },
  "The Hip-Hop Basin": {
    "hip hop": 152,
    "trap": 6,
    "boom bap": 8,
    "gangsta rap": 2,
    "r&b": 15,
    "soul": 23,
    "funk": 15,
    "disco": 32,
    "motown": 0,
    "neo soul": 0,
    "g-funk": 1,
    "lo-fi": 26,
    "mumble rap": 0
  },
  "The Jazz & Blues Delta": {
    "jazz": 138,
    "blues": 37,
    "swing": 20,
    "bebop": 1,
    "cool jazz": 2,
    "fusion": 7,
    "ragtime": 0,
    "hard bop": 2,
    "delta blues": 0,
    "chicago blues": 0,
    "soul jazz": 6,
    "bossa nova": 5
  },
  "The Pop Archipelago": {
    "pop": 479,
    "teen pop": 0,
    "dance-pop": 17,
    "europop": 49,
    "k-pop": 2,
    "j-pop": 21,
    "power pop": 9,
    "indie pop": 8,
    "dream pop": 1,
    "bubblegum pop": 1,
    "traditional pop": 1
  },
  "The Folk & Roots Plains": {
    "folk": 62,
    "country": 26,
    "bluegrass": 1,
    "americana": 0,
    "acoustic": 3,
    "singer-songwriter": 4,
    "celtic": 4,
    "flamenco": 1,
    "latin": 47,
    "afrobeat": 1,
    "gospel": 0
  },
  "The Metal Peaks": {
    "metal": 76,
    "heavy metal": 37,
    "black metal": 12,
    "death metal": 23,
    "thrash metal": 5,
    "doom metal": 7,
    "nu metal": 5,
    "sludge": 0,
    "gothic metal": 1,
    "power metal": 2,
    "metalcore": 4,
    "grindcore": 4
  },
  "The Tropical Pulse": {
    "reggae": 32,
    "ska": 9,
    "dub": 4,
    "rocksteady": 0,
    "dancehall": 7,
    "soca": 1,
    "reggaeton": 7
  },
  "The Avant-Garde Isles": {
    "experimental": 101,
    "noise": 23,
    "avant-garde": 12,
    "modern classical": 8,
    "minimalism": 0,
    "drone": 7,
    "dark ambient": 6,
    "soundtrack": 11,
    "classical": 74
  }
}