{
  "The Rock Shield": {
    "rock": 630,
    "punk": 80,
    "grunge": 4,
    "hard rock": 45,
    "alternative rock": 124,
    "psychedelic rock": 11,
    "progressive rock": 14,
    "indie rock": 87,
    "rock & roll": 41,
    "rockabilly": 24,
    "surf rock": 1,
    "garage rock": 11,
    "post-punk": 13,
    "new wave": 26,
    "shoegaze": 5,
    "emo": 9,
    "pop-punk": 9,
    "post-rock": 13,
    "stoner rock": 5,
    "hardcore": 25
  },
  "The Electronic Frontier": {
    "electronic": 553,
    "techno": 64,
    "house": 201,
    "trance": 124,
    "ambient": 65,
    "idm": 14,
    "drum and bass": 9,
    "jungle": 5,
    "dubstep": 4,
    "downtempo": 57,
    "synth-pop": 61,
    "electro": 83,
    "industrial": 45,
    "glitch": 3,
    "eurodance": 14,
    "hardstyle": 9,
    "synthwave": 2,
    "trip hop": 9,
    "breakbeat": 9,
    "vaporwave": 15,
    "chiptune": 6,
    "chillout": 5,
    "lounge": 4
  },
  "The Hip-Hop Basin": {
    "hip hop": 154,
    "trap": 5,
    "boom bap": 10,
    "gangsta rap": 2,
    "r&b": 12,
    "soul": 19,
    "funk": 18,
    "disco": 29,
    "motown": 0,
    "neo soul": 1,
    "g-funk": 1,
    "lo-fi": 20,
    "mumble rap": 0
  },
  "The Jazz & Blues Delta": {
    "jazz": 140,
    "blues": 42,
    "swing": 14,
    "bebop": 1,
    "cool jazz": 3,
    "fusion": 6,
    "ragtime": 0,
    "hard bop": 2,
    "delta blues": 0,
    "chicago blues": 0,
    "soul jazz": 2,
    "bossa nova": 3
  },
  "The Pop Archipelago": {
    "pop": 448,
    "teen pop": 0,
    "dance-pop": 15,
    "europop": 36,
    "k-pop": 2,
    "j-pop": 18,
    "power pop": 9,
    "indie pop": 7,
    "dream pop": 2,
    "bubblegum pop": 0,
    "traditional pop": 2
  },
  "The Folk & Roots Plains": {
    "folk": 62,
    "country": 30,
    "bluegrass": 2,
    "americana": 1,
    "acoustic": 5,
    "singer-songwriter": 9,
    "celtic": 4,
    "flamenco": 3,
    "latin": 47,
    "afrobeat": 1,
    "gospel": 3
  },
  "The Metal Peaks": {
    "metal": 96,
    "heavy metal": 49,
    "black metal": 14,
    "death metal": 25,
    "thrash metal": 5,
    "doom metal": 6,
    "nu metal": 8,
    "sludge": 1,
    "gothic metal": 3,
    "power metal": 5,
    "metalcore": 7,
    "grindcore": 6
  },
  "The Tropical Pulse": {
    "reggae": 30,
    "ska": 7,
    "dub": 8,
    "rocksteady": 1,
    "dancehall": 8,
    "soca": 2,
    "reggaeton": 5
  },
  "The Avant-Garde Isles": {
    "experimental": 95,
    "noise": 21,
    "avant-garde": 14,
    "modern classical": 6,
    "minimalism": 0,
    "drone": 8,
    "dark ambient": 12,
    "soundtrack": 16,
    "classical": 84
  }
}