{
  "The Rock Shield": {
    "rock": 634,
    "punk": 84,
    "grunge": 8,
    "hard rock": 45,
    "alternative rock": 125,
    "psychedelic rock": 15,
    "progressive rock": 18,
    "indie rock": 89,
    "rock & roll": 33,
    "rockabilly": 16,
    "surf rock": 1,
    "garage rock": 11,
    "post-punk": 14,
    "new wave": 23,
    "shoegaze": 5,
    "emo": 10,
    "pop-punk": 9,
    "post-rock": 12,
    "stoner rock": 8,
    "hardcore": 28
  },
  "The Electronic Frontier": {
    "electronic": 618,
    "techno": 70,
    "house": 244,
    "trance": 118,
    "ambient": 79,
    "idm": 18,
    "drum and bass": 8,
    "jungle": 6,
    "dubstep": 6,
    "downtempo": 58,
    "synth-pop": 75,
    "electro": 103,
    "industrial": 43,
    "glitch": 3,
    "eurodance": 7,
    "hardstyle": 17,
    "synthwave": 3,
    "trip hop": 9,
    "breakbeat": 10,
    "vaporwave": 18,
    "chiptune": 8,
    "chillout": 5,
    "lounge": 3
  },
  "The Hip-Hop Basin": {
    "hip hop": 166,
    "trap": 5,
    "boom bap": 8,
    "gangsta rap": 3,
    "r&b": 13,
    "soul": 25,
    "funk": 20,
    "disco": 42,
    "motown": 0,
    "neo soul": 2,
    "g-funk": 1,
    "lo-fi": 26,
    "mumble rap": 0
  },
  "The Jazz & Blues Delta": {
    "jazz": 125,
    "blues": 41,
    "swing": 18,
    "bebop": 1,
    "cool jazz": 4,
    "fusion": 7,
    "ragtime": 0,
    "hard bop": 4,
    "delta blues": 0,
    "chicago blues": 0,
    "soul jazz": 3,
    "bossa nova": 2
  },
  "The Pop Archipelago": {
    "pop": 459,
    "teen pop": 1,
    "dance-pop": 13,
    "europop": 48,
    "k-pop": 1,
    "j-pop": 17,
    "power pop": 9,
    "indie pop": 12,
    "dream pop": 2,
    "bubblegum pop": 0,
    "traditional pop": 1
  },
  "The Folk & Roots Plains": {
    "folk": 73,
    "country": 42,
    "bluegrass": 2,
    "americana": 1,
    "acoustic": 3,
    "singer-songwriter": 4,
    "celtic": 2,
    "flamenco": 2,
    "latin": 46,
    "afrobeat": 1,
    "gospel": 1
  },
  "The Metal Peaks": {
    "metal": 91,
    "heavy metal": 39,
    "black metal": 15,
    "death metal": 21,
    "thrash metal": 3,
    "doom metal": 11,
    "nu metal": 6,
    "sludge": 2,
    "gothic metal": 3,
    "power metal": 2,
    "metalcore": 10,
    "grindcore": 4
  },
  "The Tropical Pulse": {
    "reggae": 17,
    "ska": 7,
    "dub": 7,
    "rocksteady": 1,
    "dancehall": 2,
    "soca": 1,
    "reggaeton": 10
  },
  "The Avant-Garde Isles": {
    "experimental": 108,
    "noise": 23,
    "avant-garde": 18,
    "modern classical": 30,
    "minimalism": 0,
    "drone": 9,
    "dark ambient": 7,
    "soundtrack": 18,
    "classical": 101
  }
}