{
  "The Rock Shield": {
    "rock": 562,
    "punk": 89,
    "grunge": 6,
    "hard rock": 34,
    "alternative rock": 124,
    "psychedelic rock": 12,
    "progressive rock": 15,
    "indie rock": 95,
    "rock & roll": 31,
    "rockabilly": 20,
    "surf rock": 1,
    "garage rock": 13,
    "post-punk": 15,
    "new wave": 25,
    "shoegaze": 5,
    "emo": 11,
    "pop-punk": 17,
    "post-rock": 13,
    "stoner rock": 4,
    "hardcore": 25
  },
  "The Electronic Frontier": {
    "electronic": 544,
    "techno": 70,
    "house": 191,
    "trance": 92,
    "ambient": 60,
    "idm": 16,
    "drum and bass": 8,
    "jungle": 5,
    "dubstep": 6,
    "downtempo": 49,
    "synth-pop": 56,
    "electro": 97,
    "industrial": 29,
    "glitch": 4,
    "eurodance": 11,
    "hardstyle": 14,
    "synthwave": 6,
    "trip hop": 7,
    "breakbeat": 11,
    "vaporwave": 15,
    "chiptune": 8,
    "chillout": 5,
    "lounge": 2
  },
  "The Hip-Hop Basin": {
    "hip hop": 133,
    "trap": 5,
    "boom bap": 8,
    "gangsta rap": 4,
    "r&b": 7,
    "soul": 26,
    "funk": 26,
    "disco": 32,
    "motown": 1,
    "neo soul": 3,
    "g-funk": 1,
    "lo-fi": 27,
    "mumble rap": 0
  },
  "The Jazz & Blues Delta": {
    "jazz": 161,
    "blues": 35,
    "swing": 16,
    "bebop": 2,
    "cool jazz": 2,
    "fusion": 8,
    "ragtime": 0,
    "hard bop": 5,
    "delta blues": 0,
    "chicago blues": 1,
    "soul jazz": 3,
    "bossa nova": 1
  },
  "The Pop Archipelago": {
    "pop": 429,
    "teen pop": 1,
    "dance-pop": 10,
    "europop": 29,
    "k-pop": 1,
    "j-pop": 16,
    "power pop": 8,
    "indie pop": 9,
    "dream pop": 1,
    "bubblegum pop": 0,
    "traditional pop": 2
  },
  "The Folk & Roots Plains": {
    "folk": 74,
    "country": 40,
    "bluegrass": 4,
    "americana": 1,
    "acoustic": 7,
    "singer-songwriter": 3,
    "celtic": 3,
    "flamenco": 3,
    "latin": 43,
    "afrobeat": 4,
    "gospel": 2
  },
  "The Metal Peaks": {
    "metal": 79,
    "heavy metal": 41,
    "black metal": 16,
    "death metal": 30,
    "thrash metal": 5,
    "doom metal": 3,
    "nu metal": 2,
    "sludge": 1,
    "gothic metal": 2,
    "power metal": 0,
    "metalcore": 7,
    "grindcore": 6
  },
  "The Tropical Pulse": {
    "reggae": 35,
    "ska": 11,
    "dub": 6,
    "rocksteady": 2,
    "dancehall": 9,
    "soca": 2,
    "reggaeton": 9
  },
  "The Avant-Garde Isles": {
    "experimental": 92,
    "noise": 23,
    "avant-garde": 19,
    "modern classical": 8,
    "minimalism": 0,
    "drone": 10,
    "dark ambient": 8,
    "soundtrack": 12,
    "classical": 79
  }
}