{
  "The Rock Shield": {
    "rock": 596,
    "punk": 92,
    "grunge": 4,
    "hard rock": 36,
    "alternative rock": 102,
    "psychedelic rock": 16,
    "progressive rock": 15,
    "indie rock": 108,
    "rock & roll": 31,
    "rockabilly": 17,
    "surf rock": 1,
    "garage rock": 15,
    "post-punk": 22,
    "new wave": 23,
    "shoegaze": 7,
    "emo": 10,
    "pop-punk": 8,
    "post-rock": 18,
    "stoner rock": 6,
    "hardcore": 28
  },
  "The Electronic Frontier": {
    "electronic": 571,
    "techno": 68,
    "house": 226,
    "trance": 89,
    "ambient": 62,
    "idm": 12,
    "drum and bass": 12,
    "jungle": 5,
    "dubstep": 8,
    "downtempo": 42,
    "synth-pop": 55,
    "electro": 130,
    "industrial": 28,
    "glitch": 2,
    "eurodance": 4,
    "hardstyle": 16,
    "synthwave": 3,
    "trip hop": 7,
    "breakbeat": 12,
    "vaporwave": 14,
    "chiptune": 6,
    "chillout": 3,
    "lounge": 5
  },
  "The Hip-Hop Basin": {
    "hip hop": 140,
    "trap": 5,
    "boom bap": 8,
    "gangsta rap": 4,
    "r&b": 14,
    "soul": 25,
    "funk": 22,
    "disco": 33,
    "motown": 0,
    "neo soul": 4,
    "g-funk": 1,
    "lo-fi": 22,
    "mumble rap": 0
  },
  "The Jazz & Blues Delta": {
    "jazz": 153,
    "blues": 42,
    "swing": 14,
    "bebop": 1,
    "cool jazz": 3,
    "fusion": 6,
    "ragtime": 0,
    "hard bop": 2,
    "delta blues": 0,
    "chicago blues": 0,
    "soul jazz": 2,
    "bossa nova": 2
  },
  "The Pop Archipelago": {
    "pop": 464,
    "teen pop": 1,
    "dance-pop": 17,
    "europop": 35,
    "k-pop": 2,
    "j-pop": 20,
    "power pop": 7,
    "indie pop": 15,
    "dream pop": 4,
    "bubblegum pop": 0,
    "traditional pop": 1
  },
  "The Folk & Roots Plains": {
    "folk": 74,
    "country": 45,
    "bluegrass": 5,
    "americana": 3,
    "acoustic": 7,
    "singer-songwriter": 8,
    "celtic": 4,
    "flamenco": 1,
    "latin": 49,
    "afrobeat": 3,
    "gospel": 0
  },
  "The Metal Peaks": {
    "metal": 83,
    "heavy metal": 43,
    "black metal": 16,
    "death metal": 27,
    "thrash metal": 11,
    "doom metal": 8,
    "nu metal": 2,
    "sludge": 0,
    "gothic metal": 2,
    "power metal": 3,
    "metalcore": 7,
    "grindcore": 6
  },
  "The Tropical Pulse": {
    "reggae": 24,
    "ska": 6,
    "dub": 5,
    "rocksteady": 0,
    "dancehall": 5,
    "soca": 1,
    "reggaeton": 3
  },
  "The Avant-Garde Isles": {
    "experimental": 110,
    "noise": 20,
    "avant-garde": 14,
    "modern classical": 4,
    "minimalism": 0,
    "drone": 8,
    "dark ambient": 8,
    "soundtrack": 13,
    "classical": 75
  }
}