{
  "The Rock Shield": {
    "rock": 574,
    "punk": 80,
    "grunge": 7,
    "hard rock": 34,
    "alternative rock": 121,
    "psychedelic rock": 16,
    "progressive rock": 12,
    "indie rock": 119,
    "rock & roll": 32,
    "rockabilly": 18,
    "surf rock": 1,
    "garage rock": 17,
    "post-punk": 15,
    "new wave": 33,
    "shoegaze": 6,
    "emo": 5,
    "pop-punk": 10,
    "post-rock": 13,
    "stoner rock": 8,
    "hardcore": 26
  },
  "The Electronic Frontier": {
    "electronic": 596,
    "techno": 72,
    "house": 225,
    "trance": 100,
    "ambient": 60,
    "idm": 13,
    "drum and bass": 9,
    "jungle": 5,
    "dubstep": 12,
    "downtempo": 37,
    "synth-pop": 62,
    "electro": 139,
    "industrial": 36,
    "glitch": 5,
    "eurodance": 9,
    "hardstyle": 21,
    "synthwave": 2,
    "trip hop": 12,
    "breakbeat": 9,
    "vaporwave": 14,
    "chiptune": 11,
    "chillout": 4,
    "lounge": 0
  },
  "The Hip-Hop Basin": {
    "hip hop": 138,
    "trap": 6,
    "boom bap": 8,
    "gangsta rap": 1,
    "r&b": 19,
    "soul": 32,
    "funk": 16,
    "disco": 26,
    "motown": 0,
    "neo soul": 3,
    "g-funk": 1,
    "lo-fi": 21,
    "mumble rap": 0
  },
  "The Jazz & Blues Delta": {
    "jazz": 131,
    "blues": 36,
    "swing": 15,
    "bebop": 1,
    "cool jazz": 3,
    "fusion": 7,
    "ragtime": 0,
    "hard bop": 2,
    "delta blues": 0,
    "chicago blues": 1,
    "soul jazz": 3,
    "bossa nova": 1
  },
  "The Pop Archipelago": {
    "pop": 451,
    "teen pop": 3,
    "dance-pop": 22,
    "europop": 30,
    "k-pop": 1,
    "j-pop": 19,
    "power pop": 9,
    "indie pop": 17,
    "dream pop": 3,
    "bubblegum pop": 0,
    "traditional pop": 1
  },
  "The Folk & Roots Plains": {
    "folk": 93,
    "country": 51,
    "bluegrass": 1,
    "americana": 2,
    "acoustic": 6,
    "singer-songwriter": 8,
    "celtic": 4,
    "flamenco": 1,
    "latin": 39,
    "afrobeat": 3,
    "gospel": 4
  },
  "The Metal Peaks": {
    "metal": 82,
    "heavy metal": 38,
    "black metal": 17,
    "death metal": 29,
    "thrash metal": 4,
    "doom metal": 2,
    "nu metal": 0,
    "sludge": 1,
    "gothic metal": 0,
    "power metal": 1,
    "metalcore": 6,
    "grindcore": 6
  },
  "The Tropical Pulse": {
    "reggae": 19,
    "ska": 4,
    "dub": 10,
    "rocksteady": 0,
    "dancehall": 2,
    "soca": 1,
    "reggaeton": 5
  },
  "The Avant-Garde Isles": {
    "experimental": 86,
    "noise": 19,
    "avant-garde": 19,
    "modern classical": 6,
    "minimalism": 1,
    "drone": 12,
    "dark ambient": 11,
    "soundtrack": 9,
    "classical": 81
  }
}