{
  "The Rock Shield": {
    "rock": 600,
    "punk": 73,
    "grunge": 4,
    "hard rock": 40,
    "alternative rock": 103,
    "psychedelic rock": 12,
    "progressive rock": 12,
    "indie rock": 101,
    "rock & roll": 42,
    "rockabilly": 18,
    "surf rock": 1,
    "garage rock": 15,
    "post-punk": 14,
    "new wave": 27,
    "shoegaze": 9,
    "emo": 6,
    "pop-punk": 9,
    "post-rock": 13,
    "stoner rock": 4,
    "hardcore": 29
  },
  "The Electronic Frontier": {
    "electronic": 609,
    "techno": 62,
    "house": 245,
    "trance": 108,
    "ambient": 58,
    "idm": 16,
    "drum and bass": 10,
    "jungle": 7,
    "dubstep": 19,
    "downtempo": 39,
    "synth-pop": 78,
    "electro": 147,
    "industrial": 24,
    "glitch": 2,
    "eurodance": 6,
    "hardstyle": 20,
    "synthwave": 4,
    "trip hop": 12,
    "breakbeat": 11,
    "vaporwave": 16,
    "chiptune": 6,
    "chillout": 7,
    "lounge": 2
  },
  "The Hip-Hop Basin": {
    "hip hop": 119,
    "trap": 5,
    "boom bap": 8,
    "gangsta rap": 1,
    "r&b": 19,
    "soul": 23,
    "funk": 18,
    "disco": 41,
    "motown": 0,
    "neo soul": 3,
    "g-funk": 1,
    "lo-fi": 23,
    "mumble rap": 0
  },
  "The Jazz & Blues Delta": {
    "jazz": 134,
    "blues": 32,
    "swing": 14,
    "bebop": 1,
    "cool jazz": 3,
    "fusion": 7,
    "ragtime": 0,
    "hard bop": 2,
    "delta blues": 0,
    "chicago blues": 2,
    "soul jazz": 3,
    "bossa nova": 1
  },
  "The Pop Archipelago": {
    "pop": 440,
    "teen pop": 0,
    "dance-pop": 25,
    "europop": 26,
    "k-pop": 1,
    "j-pop": 19,
    "power pop": 9,
    "indie pop": 10,
    "dream pop": 1,
    "bubblegum pop": 0,
    "traditional pop": 1
  },
  "The Folk & Roots Plains": {
    "folk": 77,
    "country": 38,
    "bluegrass": 6,
    "americana": 0,
    "acoustic": 7,
    "singer-songwriter": 5,
    "celtic": 2,
    "flamenco": 2,
    "latin": 39,
    "afrobeat": 2,
    "gospel": 0
  },
  "The Metal Peaks": {
    "metal": 70,
    "heavy metal": 23,
    "black metal": 10,
    "death metal": 23,
    "thrash metal": 5,
    "doom metal": 11,
    "nu metal": 0,
    "sludge": 1,
    "gothic metal": 2,
    "power metal": 0,
    "metalcore": 7,
    "grindcore": 5
  },
  "The Tropical Pulse": {
    "reggae": 20,
    "ska": 3,
    "dub": 4,
    "rocksteady": 0,
    "dancehall": 4,
    "soca": 1,
    "reggaeton": 2
  },
  "The Avant-Garde Isles": {
    "experimental": 94,
    "noise": 22,
    "avant-garde": 16,
    "modern classical": 5,
    "minimalism": 0,
    "drone": 9,
    "dark ambient": 4,
    "soundtrack": 13,
    "classical": 83
  }
}