{
  "The Rock Shield": {
    "rock": 542,
    "punk": 87,
    "grunge": 6,
    "hard rock": 37,
    "alternative rock": 90,
    "psychedelic rock": 18,
    "progressive rock": 11,
    "indie rock": 91,
    "rock & roll": 34,
    "rockabilly": 17,
    "surf rock": 1,
    "garage rock": 15,
    "post-punk": 16,
    "new wave": 25,
    "shoegaze": 6,
    "emo": 5,
    "pop-punk": 7,
    "post-rock": 14,
    "stoner rock": 3,
    "hardcore": 32
  },
  "The Electronic Frontier": {
    "electronic": 636,
    "techno": 77,
    "house": 238,
    "trance": 112,
    "ambient": 66,
    "idm": 17,
    "drum and bass": 10,
    "jungle": 6,
    "dubstep": 24,
    "downtempo": 35,
    "synth-pop": 60,
    "electro": 138,
    "industrial": 31,
    "glitch": 5,
    "eurodance": 11,
    "hardstyle": 28,
    "synthwave": 5,
    "trip hop": 9,
    "breakbeat": 10,
    "vaporwave": 15,
    "chiptune": 13,
    "chillout": 5,
    "lounge": 3
  },
  "The Hip-Hop Basin": {
    "hip hop": 116,
    "trap": 6,
    "boom bap": 8,
    "gangsta rap": 1,
    "r&b": 9,
    "soul": 29,
    "funk": 18,
    "disco": 40,
    "motown": 0,
    "neo soul": 8,
    "g-funk": 1,
    "lo-fi": 23,
    "mumble rap": 0
  },
  "The Jazz & Blues Delta": {
    "jazz": 117,
    "blues": 37,
    "swing": 10,
    "bebop": 1,
    "cool jazz": 3,
    "fusion": 8,
    "ragtime": 0,
    "hard bop": 3,
    "delta blues": 0,
    "chicago blues": 0,
    "soul jazz": 3,
    "bossa nova": 1
  },
  "The Pop Archipelago": {
    "pop": 416,
    "teen pop": 0,
    "dance-pop": 24,
    "europop": 33,
    "k-pop": 2,
    "j-pop": 20,
    "power pop": 9,
    "indie pop": 15,
    "dream pop": 2,
    "bubblegum pop": 0,
    "traditional pop": 2
  },
  "The Folk & Roots Plains": {
    "folk": 85,
    "country": 32,
    "bluegrass": 1,
    "americana": 0,
    "acoustic": 2,
    "singer-songwriter": 10,
    "celtic": 15,
    "flamenco": 2,
    "latin": 32,
    "afrobeat": 1,
    "gospel": 1
  },
  "The Metal Peaks": {
    "metal": 60,
    "heavy metal": 22,
    "black metal": 9,
    "death metal": 15,
    "thrash metal": 3,
    "doom metal": 8,
    "nu metal": 1,
    "sludge": 0,
    "gothic metal": 0,
    "power metal": 1,
    "metalcore": 6,
    "grindcore": 3
  },
  "The Tropical Pulse": {
    "reggae": 16,
    "ska": 2,
    "dub": 6,
    "rocksteady": 0,
    "dancehall": 3,
    "soca": 2,
    "reggaeton": 4
  },
  "The Avant-Garde Isles": {
    "experimental": 99,
    "noise": 22,
    "avant-garde": 14,
    "modern classical": 7,
    "minimalism": 1,
    "drone": 11,
    "dark ambient": 9,
    "soundtrack": 11,
    "classical": 77
  }
}