{
  "The Rock Shield": {
    "rock": 540,
    "punk": 89,
    "grunge": 7,
    "hard rock": 43,
    "alternative rock": 83,
    "psychedelic rock": 20,
    "progressive rock": 23,
    "indie rock": 79,
    "rock & roll": 32,
    "rockabilly": 17,
    "surf rock": 1,
    "garage rock": 10,
    "post-punk": 16,
    "new wave": 20,
    "shoegaze": 11,
    "emo": 8,
    "pop-punk": 8,
    "post-rock": 19,
    "stoner rock": 6,
    "hardcore": 26
  },
  "The Electronic Frontier": {
    "electronic": 576,
    "techno": 67,
    "house": 190,
    "trance": 103,
    "ambient": 80,
    "idm": 15,
    "drum and bass": 13,
    "jungle": 5,
    "dubstep": 29,
    "downtempo": 33,
    "synth-pop": 66,
    "electro": 103,
    "industrial": 28,
    "glitch": 2,
    "eurodance": 3,
    "hardstyle": 25,
    "synthwave": 3,
    "trip hop": 6,
    "breakbeat": 6,
    "vaporwave": 13,
    "chiptune": 12,
    "chillout": 9,
    "lounge": 0
  },
  "The Hip-Hop Basin": {
    "hip hop": 111,
    "trap": 5,
    "boom bap": 8,
    "gangsta rap": 1,
    "r&b": 15,
    "soul": 20,
    "funk": 18,
    "disco": 33,
    "motown": 0,
    "neo soul": 1,
    "g-funk": 1,
    "lo-fi": 26,
    "mumble rap": 0
  },
  "The Jazz & Blues Delta": {
    "jazz": 127,
    "blues": 36,
    "swing": 12,
    "bebop": 1,
    "cool jazz": 3,
    "fusion": 7,
    "ragtime": 0,
    "hard bop": 2,
    "delta blues": 0,
    "chicago blues": 0,
    "soul jazz": 5,
    "bossa nova": 1
  },
  "The Pop Archipelago": {
    "pop": 407,
    "teen pop": 1,
    "dance-pop": 14,
    "europop": 24,
    "k-pop": 3,
    "j-pop": 20,
    "power pop": 7,
    "indie pop": 17,
    "dream pop": 2,
    "bubblegum pop": 0,
    "traditional pop": 1
  },
  "The Folk & Roots Plains": {
    "folk": 62,
    "country": 33,
    "bluegrass": 1,
    "americana": 2,
    "acoustic": 2,
    "singer-songwriter": 11,
    "celtic": 3,
    "flamenco": 1,
    "latin": 35,
    "afrobeat": 3,
    "gospel": 2
  },
  "The Metal Peaks": {
    "metal": 83,
    "heavy metal": 25,
    "black metal": 14,
    "death metal": 13,
    "thrash metal": 3,
    "doom metal": 14,
    "nu metal": 1,
    "sludge": 2,
    "gothic metal": 2,
    "power metal": 1,
    "metalcore": 6,
    "grindcore": 5
  },
  "The Tropical Pulse": {
    "reggae": 21,
    "ska": 5,
    "dub": 10,
    "rocksteady": 0,
    "dancehall": 3,
    "soca": 1,
    "reggaeton": 6
  },
  "The Avant-Garde Isles": {
    "experimental": 106,
    "noise": 17,
    "avant-garde": 11,
    "modern classical": 7,
    "minimalism": 0,
    "drone": 18,
    "dark ambient": 18,
    "soundtrack": 8,
    "classical": 80
  }
}