{
  "The Rock Shield": {
    "rock": 528,
    "punk": 83,
    "grunge": 10,
    "hard rock": 34,
    "alternative rock": 73,
    "psychedelic rock": 25,
    "progressive rock": 9,
    "indie rock": 78,
    "rock & roll": 31,
    "rockabilly": 17,
    "surf rock": 2,
    "garage rock": 13,
    "post-punk": 20,
    "new wave": 25,
    "shoegaze": 11,
    "emo": 7,
    "pop-punk": 6,
    "post-rock": 12,
    "stoner rock": 11,
    "hardcore": 27
  },
  "The Electronic Frontier": {
    "electronic": 589,
    "techno": 63,
    "house": 197,
    "trance": 77,
    "ambient": 79,
    "idm": 16,
    "drum and bass": 10,
    "jungle": 7,
    "dubstep": 41,
    "downtempo": 45,
    "synth-pop": 61,
    "electro": 130,
    "industrial": 43,
    "glitch": 3,
    "eurodance": 1,
    "hardstyle": 28,
    "synthwave": 8,
    "trip hop": 5,
    "breakbeat": 4,
    "vaporwave": 17,
    "chiptune": 9,
    "chillout": 8,
    "lounge": 3
  },
  "The Hip-Hop Basin": {
    "hip hop": 106,
    "trap": 7,
    "boom bap": 9,
    "gangsta rap": 1,
    "r&b": 13,
    "soul": 21,
    "funk": 15,
    "disco": 25,
    "motown": 0,
    "neo soul": 3,
    "g-funk": 1,
    "lo-fi": 27,
    "mumble rap": 0
  },
  "The Jazz & Blues Delta": {
    "jazz": 124,
    "blues": 36,
    "swing": 11,
    "bebop": 1,
    "cool jazz": 2,
    "fusion": 6,
    "ragtime": 1,
    "hard bop": 2,
    "delta blues": 0,
    "chicago blues": 0,
    "soul jazz": 4,
    "bossa nova": 1
  },
  "The Pop Archipelago": {
    "pop": 395,
    "teen pop": 0,
    "dance-pop": 16,
    "europop": 22,
    "k-pop": 5,
    "j-pop": 26,
    "power pop": 8,
    "indie pop": 11,
    "dream pop": 3,
    "bubblegum pop": 0,
    "traditional pop": 4
  },
  "The Folk & Roots Plains": {
    "folk": 68,
    "country": 22,
    "bluegrass": 0,
    "americana": 1,
    "acoustic": 0,
    "singer-songwriter": 6,
    "celtic": 5,
    "flamenco": 2,
    "latin": 41,
    "afrobeat": 2,
    "gospel": 0
  },
  "The Metal Peaks": {
    "metal": 80,
    "heavy metal": 26,
    "black metal": 17,
    "death metal": 25,
    "thrash metal": 3,
    "doom metal": 12,
    "nu metal": 2,
    "sludge": 3,
    "gothic metal": 1,
    "power metal": 2,
    "metalcore": 7,
    "grindcore": 6
  },
  "The Tropical Pulse": {
    "reggae": 16,
    "ska": 2,
    "dub": 8,
    "rocksteady": 0,
    "dancehall": 7,
    "soca": 1,
    "reggaeton": 4
  },
  "The Avant-Garde Isles": {
    "experimental": 110,
    "noise": 32,
    "avant-garde": 15,
    "modern classical": 6,
    "minimalism": 0,
    "drone": 12,
    "dark ambient": 14,
    "soundtrack": 11,
    "classical": 78
  }
}