{
  "The Rock Shield": {
    "rock": 498,
    "punk": 80,
    "grunge": 5,
    "hard rock": 33,
    "alternative rock": 64,
    "psychedelic rock": 28,
    "progressive rock": 16,
    "indie rock": 66,
    "rock & roll": 29,
    "rockabilly": 18,
    "surf rock": 1,
    "garage rock": 10,
    "post-punk": 16,
    "new wave": 21,
    "shoegaze": 8,
    "emo": 7,
    "pop-punk": 8,
    "post-rock": 11,
    "stoner rock": 12,
    "hardcore": 28
  },
  "The Electronic Frontier": {
    "electronic": 544,
    "techno": 68,
    "house": 201,
    "trance": 78,
    "ambient": 61,
    "idm": 14,
    "drum and bass": 14,
    "jungle": 5,
    "dubstep": 31,
    "downtempo": 28,
    "synth-pop": 73,
    "electro": 125,
    "industrial": 25,
    "glitch": 4,
    "eurodance": 5,
    "hardstyle": 24,
    "synthwave": 4,
    "trip hop": 8,
    "breakbeat": 6,
    "vaporwave": 16,
    "chiptune": 12,
    "chillout": 3,
    "lounge": 0
  },
  "The Hip-Hop Basin": {
    "hip hop": 102,
    "trap": 10,
    "boom bap": 8,
    "gangsta rap": 1,
    "r&b": 7,
    "soul": 23,
    "funk": 18,
    "disco": 28,
    "motown": 0,
    "neo soul": 5,
    "g-funk": 1,
    "lo-fi": 27,
    "mumble rap": 0
  },
  "The Jazz & Blues Delta": {
    "jazz": 122,
    "blues": 35,
    "swing": 9,
    "bebop": 1,
    "cool jazz": 2,
    "fusion": 6,
    "ragtime": 0,
    "hard bop": 2,
    "delta blues": 0,
    "chicago blues": 0,
    "soul jazz": 2,
    "bossa nova": 1
  },
  "The Pop Archipelago": {
    "pop": 394,
    "teen pop": 0,
    "dance-pop": 19,
    "europop": 28,
    "k-pop": 3,
    "j-pop": 21,
    "power pop": 6,
    "indie pop": 22,
    "dream pop": 3,
    "bubblegum pop": 0,
    "traditional pop": 1
  },
  "The Folk & Roots Plains": {
    "folk": 59,
    "country": 20,
    "bluegrass": 1,
    "americana": 1,
    "acoustic": 1,
    "singer-songwriter": 9,
    "celtic": 4,
    "flamenco": 2,
    "latin": 33,
    "afrobeat": 1,
    "gospel": 3
  },
  "The Metal Peaks": {
    "metal": 81,
    "heavy metal": 23,
    "black metal": 17,
    "death metal": 19,
    "thrash metal": 6,
    "doom metal": 14,
    "nu metal": 2,
    "sludge": 3,
    "gothic metal": 0,
    "power metal": 3,
    "metalcore": 8,
    "grindcore": 9
  },
  "The Tropical Pulse": {
    "reggae": 23,
    "ska": 2,
    "dub": 11,
    "rocksteady": 0,
    "dancehall": 6,
    "soca": 1,
    "reggaeton": 3
  },
  "The Avant-Garde Isles": {
    "experimental": 103,
    "noise": 22,
    "avant-garde": 14,
    "modern classical": 6,
    "minimalism": 0,
    "drone": 10,
    "dark ambient": 10,
    "soundtrack": 13,
    "classical": 87
  }
}