{
  "The Rock Shield": {
    "rock": 473,
    "punk": 84,
    "grunge": 6,
    "hard rock": 23,
    "alternative rock": 60,
    "psychedelic rock": 28,
    "progressive rock": 13,
    "indie rock": 62,
    "rock & roll": 29,
    "rockabilly": 16,
    "surf rock": 1,
    "garage rock": 14,
    "post-punk": 15,
    "new wave": 26,
    "shoegaze": 9,
    "emo": 11,
    "pop-punk": 10,
    "post-rock": 14,
    "stoner rock": 3,
    "hardcore": 35
  },
  "The Electronic Frontier": {
    "electronic": 510,
    "techno": 64,
    "house": 183,
    "trance": 55,
    "ambient": 73,
    "idm": 17,
    "drum and bass": 12,
    "jungle": 6,
    "dubstep": 12,
    "downtempo": 30,
    "synth-pop": 56,
    "electro": 100,
    "industrial": 36,
    "glitch": 5,
    "eurodance": 1,
    "hardstyle": 21,
    "synthwave": 6,
    "trip hop": 6,
    "breakbeat": 7,
    "vaporwave": 18,
    "chiptune": 15,
    "chillout": 4,
    "lounge": 1
  },
  "The Hip-Hop Basin": {
    "hip hop": 98,
    "trap": 9,
    "boom bap": 8,
    "gangsta rap": 1,
    "r&b": 11,
    "soul": 24,
    "funk": 17,
    "disco": 26,
    "motown": 0,
    "neo soul": 4,
    "g-funk": 1,
    "lo-fi": 22,
    "mumble rap": 0
  },
  "The Jazz & Blues Delta": {
    "jazz": 110,
    "blues": 32,
    "swing": 10,
    "bebop": 1,
    "cool jazz": 3,
    "fusion": 10,
    "ragtime": 0,
    "hard bop": 2,
    "delta blues": 0,
    "chicago blues": 0,
    "soul jazz": 3,
    "bossa nova": 4
  },
  "The Pop Archipelago": {
    "pop": 392,
    "teen pop": 0,
    "dance-pop": 27,
    "europop": 19,
    "k-pop": 5,
    "j-pop": 23,
    "power pop": 8,
    "indie pop": 26,
    "dream pop": 5,
    "bubblegum pop": 0,
    "traditional pop": 1
  },
  "The Folk & Roots Plains": {
    "folk": 57,
    "country": 24,
    "bluegrass": 2,
    "americana": 2,
    "acoustic": 0,
    "singer-songwriter": 7,
    "celtic": 3,
    "flamenco": 2,
    "latin": 29,
    "afrobeat": 2,
    "gospel": 3
  },
  "The Metal Peaks": {
    "metal": 74,
    "heavy metal": 21,
    "black metal": 16,
    "death metal": 22,
    "thrash metal": 4,
    "doom metal": 9,
    "nu metal": 1,
    "sludge": 4,
    "gothic metal": 3,
    "power metal": 1,
    "metalcore": 6,
    "grindcore": 7
  },
  "The Tropical Pulse": {
    "reggae": 20,
    "ska": 5,
    "dub": 7,
    "rocksteady": 0,
    "dancehall": 2,
    "soca": 2,
    "reggaeton": 2
  },
  "The Avant-Garde Isles": {
    "experimental": 99,
    "noise": 29,
    "avant-garde": 13,
    "modern classical": 3,
    "minimalism": 0,
    "drone": 16,
    "dark ambient": 13,
    "soundtrack": 15,
    "classical": 75
  }
}