{
  "The Rock Shield": {
    "rock": 473,
    "punk": 87,
    "grunge": 4,
    "hard rock": 23,
    "alternative rock": 47,
    "psychedelic rock": 25,
    "progressive rock": 10,
    "indie rock": 72,
    "rock & roll": 29,
    "rockabilly": 18,
    "surf rock": 1,
    "garage rock": 11,
    "post-punk": 22,
    "new wave": 29,
    "shoegaze": 9,
    "emo": 5,
    "pop-punk": 8,
    "post-rock": 9,
    "stoner rock": 8,
    "hardcore": 38
  },
  "The Electronic Frontier": {
    "electronic": 510,
    "techno": 56,
    "house": 164,
    "trance": 66,
    "ambient": 73,
    "idm": 14,
    "drum and bass": 16,
    "jungle": 10,
    "dubstep": 11,
    "downtempo": 30,
    "synth-pop": 60,
    "electro": 89,
    "industrial": 29,
    "glitch": 5,
    "eurodance": 13,
    "hardstyle": 26,
    "synthwave": 7,
    "trip hop": 6,
    "breakbeat": 6,
    "vaporwave": 19,
    "chiptune": 15,
    "chillout": 6,
    "lounge": 1
  },
  "The Hip-Hop Basin": {
    "hip hop": 96,
    "trap": 8,
    "boom bap": 8,
    "gangsta rap": 1,
    "r&b": 8,
    "soul": 18,
    "funk": 15,
    "disco": 22,
    "motown": 0,
    "neo soul": 1,
    "g-funk": 1,
    "lo-fi": 21,
    "mumble rap": 0
  },
  "The Jazz & Blues Delta": {
    "jazz": 112,
    "blues": 27,
    "swing": 13,
    "bebop": 1,
    "cool jazz": 2,
    "fusion": 8,
    "ragtime": 0,
    "hard bop": 2,
    "delta blues": 0,
    "chicago blues": 0,
    "soul jazz": 3,
    "bossa nova": 1
  },
  "The Pop Archipelago": {
    "pop": 358,
    "teen pop": 1,
    "dance-pop": 16,
    "europop": 23,
    "k-pop": 2,
    "j-pop": 20,
    "power pop": 8,
    "indie pop": 19,
    "dream pop": 2,
    "bubblegum pop": 0,
    "traditional pop": 1
  },
  "The Folk & Roots Plains": {
    "folk": 52,
    "country": 25,
    "bluegrass": 1,
    "americana": 0,
    "acoustic": 0,
    "singer-songwriter": 6,
    "celtic": 3,
    "flamenco": 2,
    "latin": 27,
    "afrobeat": 2,
    "gospel": 1
  },
  "The Metal Peaks": {
    "metal": 82,
    "heavy metal": 22,
    "black metal": 17,
    "death metal": 24,
    "thrash metal": 3,
    "doom metal": 11,
    "nu metal": 1,
    "sludge": 5,
    "gothic metal": 2,
    "power metal": 5,
    "metalcore": 6,
    "grindcore": 6
  },
  "The Tropical Pulse": {
    "reggae": 21,
    "ska": 5,
    "dub": 13,
    "rocksteady": 0,
    "dancehall": 1,
    "soca": 1,
    "reggaeton": 2
  },
  "The Avant-Garde Isles": {
    "experimental": 111,
    "noise": 20,
    "avant-garde": 12,
    "modern classical": 2,
    "minimalism": 0,
    "drone": 17,
    "dark ambient": 17,
    "soundtrack": 8,
    "classical": 69
  }
}