{
  "The Rock Shield": {
    "rock": 432,
    "punk": 77,
    "grunge": 5,
    "hard rock": 24,
    "alternative rock": 47,
    "psychedelic rock": 20,
    "progressive rock": 10,
    "indie rock": 56,
    "rock & roll": 24,
    "rockabilly": 17,
    "surf rock": 1,
    "garage rock": 14,
    "post-punk": 13,
    "new wave": 23,
    "shoegaze": 9,
    "emo": 5,
    "pop-punk": 8,
    "post-rock": 10,
    "stoner rock": 6,
    "hardcore": 35
  },
  "The Electronic Frontier": {
    "electronic": 524,
    "techno": 63,
    "house": 172,
    "trance": 84,
    "ambient": 87,
    "idm": 11,
    "drum and bass": 17,
    "jungle": 6,
    "dubstep": 16,
    "downtempo": 46,
    "synth-pop": 64,
    "electro": 80,
    "industrial": 33,
    "glitch": 1,
    "eurodance": 11,
    "hardstyle": 23,
    "synthwave": 10,
    "trip hop": 9,
    "breakbeat": 10,
    "vaporwave": 19,
    "chiptune": 15,
    "chillout": 11,
    "lounge": 2
  },
  "The Hip-Hop Basin": {
    "hip hop": 98,
    "trap": 15,
    "boom bap": 12,
    "gangsta rap": 1,
    "r&b": 9,
    "soul": 16,
    "funk": 21,
    "disco": 30,
    "motown": 0,
    "neo soul": 2,
    "g-funk": 1,
    "lo-fi": 24,
    "mumble rap": 0
  },
  "The Jazz & Blues Delta": {
    "jazz": 134,
    "blues": 27,
    "swing": 10,
    "bebop": 1,
    "cool jazz": 2,
    "fusion": 7,
    "ragtime": 0,
    "hard bop": 2,
    "delta blues": 0,
    "chicago blues": 0,
    "soul jazz": 3,
    "bossa nova": 1
  },
  "The Pop Archipelago": {
    "pop": 357,
    "teen pop": 0,
    "dance-pop": 25,
    "europop": 16,
    "k-pop": 3,
    "j-pop": 14,
    "power pop": 7,
    "indie pop": 25,
    "dream pop": 2,
    "bubblegum pop": 0,
    "traditional pop": 1
  },
  "The Folk & Roots Plains": {
    "folk": 49,
    "country": 22,
    "bluegrass": 2,
    "americana": 1,
    "acoustic": 1,
    "singer-songwriter": 6,
    "celtic": 3,
    "flamenco": 2,
    "latin": 32,
    "afrobeat": 4,
    "gospel": 0
  },
  "The Metal Peaks": {
    "metal": 87,
    "heavy metal": 25,
    "black metal": 21,
    "death metal": 25,
    "thrash metal": 2,
    "doom metal": 11,
    "nu metal": 2,
    "sludge": 3,
    "gothic metal": 3,
    "power metal": 3,
    "metalcore": 11,
    "grindcore": 10
  },
  "The Tropical Pulse": {
    "reggae": 17,
    "ska": 4,
    "dub": 6,
    "rocksteady": 0,
    "dancehall": 4,
    "soca": 1,
    "reggaeton": 3
  },
  "The Avant-Garde Isles": {
    "experimental": 112,
    "noise": 24,
    "avant-garde": 16,
    "modern classical": 9,
    "minimalism": 0,
    "drone": 18,
    "dark ambient": 13,
    "soundtrack": 11,
    "classical": 76
  }
}