{
  "The Rock Shield": {
    "rock": 405,
    "punk": 73,
    "grunge": 5,
    "hard rock": 17,
    "alternative rock": 45,
    "psychedelic rock": 12,
    "progressive rock": 10,
    "indie rock": 54,
    "rock & roll": 28,
    "rockabilly": 19,
    "surf rock": 2,
    "garage rock": 9,
    "post-punk": 15,
    "new wave": 19,
    "shoegaze": 6,
    "emo": 8,
    "pop-punk": 5,
    "post-rock": 16,
    "stoner rock": 3,
    "hardcore": 24
  },
  "The Electronic Frontier": {
    "electronic": 456,
    "techno": 66,
    "house": 153,
    "trance": 67,
    "ambient": 82,
    "idm": 14,
    "drum and bass": 16,
    "jungle": 4,
    "dubstep": 11,
    "downtempo": 33,
    "synth-pop": 54,
    "electro": 71,
    "industrial": 29,
    "glitch": 2,
    "eurodance": 6,
    "hardstyle": 20,
    "synthwave": 9,
    "trip hop": 8,
    "breakbeat": 4,
    "vaporwave": 21,
    "chiptune": 10,
    "chillout": 11,
    "lounge": 0
  },
  "The Hip-Hop Basin": {
    "hip hop": 90,
    "trap": 9,
    "boom bap": 11,
    "gangsta rap": 1,
    "r&b": 9,
    "soul": 19,
    "funk": 17,
    "disco": 17,
    "motown": 0,
    "neo soul": 1,
    "g-funk": 1,
    "lo-fi": 31,
    "mumble rap": 0
  },
  "The Jazz & Blues Delta": {
    "jazz": 121,
    "blues": 26,
    "swing": 8,
    "bebop": 1,
    "cool jazz": 2,
    "fusion": 8,
    "ragtime": 0,
    "hard bop": 2,
    "delta blues": 0,
    "chicago blues": 0,
    "soul jazz": 2,
    "bossa nova": 1
  },
  "The Pop Archipelago": {
    "pop": 323,
    "teen pop": 0,
    "dance-pop": 15,
    "europop": 10,
    "k-pop": 2,
    "j-pop": 15,
    "power pop": 5,
    "indie pop": 22,
    "dream pop": 2,
    "bubblegum pop": 0,
    "traditional pop": 1
  },
  "The Folk & Roots Plains": {
    "folk": 40,
    "country": 22,
    "bluegrass": 1,
    "americana": 0,
    "acoustic": 3,
    "singer-songwriter": 5,
    "celtic": 4,
    "flamenco": 1,
    "latin": 36,
    "afrobeat": 2,
    "gospel": 0
  },
  "The Metal Peaks": {
    "metal": 81,
    "heavy metal": 31,
    "black metal": 14,
    "death metal": 17,
    "thrash metal": 2,
    "doom metal": 8,
    "nu metal": 3,
    "sludge": 5,
    "gothic metal": 0,
    "power metal": 4,
    "metalcore": 5,
    "grindcore": 5
  },
  "The Tropical Pulse": {
    "reggae": 18,
    "ska": 5,
    "dub": 12,
    "rocksteady": 0,
    "dancehall": 3,
    "soca": 1,
    "reggaeton": 6
  },
  "The Avant-Garde Isles": {
    "experimental": 128,
    "noise": 32,
    "avant-garde": 13,
    "modern classical": 4,
    "minimalism": 0,
    "drone": 16,
    "dark ambient": 13,
    "soundtrack": 10,
    "classical": 73
  }
}