{
  "The Rock Shield": {
    "rock": 421,
    "punk": 86,
    "grunge": 3,
    "hard rock": 21,
    "alternative rock": 50,
    "psychedelic rock": 22,
    "progressive rock": 16,
    "indie rock": 50,
    "rock & roll": 28,
    "rockabilly": 18,
    "surf rock": 1,
    "garage rock": 12,
    "post-punk": 17,
    "new wave": 19,
    "shoegaze": 8,
    "emo": 4,
    "pop-punk": 7,
    "post-rock": 12,
    "stoner rock": 6,
    "hardcore": 30
  },
  "The Electronic Frontier": {
    "electronic": 450,
    "techno": 54,
    "house": 124,
    "trance": 35,
    "ambient": 89,
    "idm": 11,
    "drum and bass": 16,
    "jungle": 7,
    "dubstep": 16,
    "downtempo": 33,
    "synth-pop": 49,
    "electro": 74,
    "industrial": 28,
    "glitch": 3,
    "eurodance": 4,
    "hardstyle": 14,
    "synthwave": 11,
    "trip hop": 8,
    "breakbeat": 4,
    "vaporwave": 22,
    "chiptune": 12,
    "chillout": 13,
    "lounge": 3
  },
  "The Hip-Hop Basin": {
    "hip hop": 104,
    "trap": 15,
    "boom bap": 12,
    "gangsta rap": 1,
    "r&b": 9,
    "soul": 22,
    "funk": 22,
    "disco": 27,
    "motown": 0,
    "neo soul": 5,
    "g-funk": 1,
    "lo-fi": 27,
    "mumble rap": 0
  },
  "The Jazz & Blues Delta": {
    "jazz": 131,
    "blues": 40,
    "swing": 9,
    "bebop": 2,
    "cool jazz": 2,
    "fusion": 9,
    "ragtime": 0,
    "hard bop": 2,
    "delta blues": 0,
    "chicago blues": 0,
    "soul jazz": 4,
    "bossa nova": 2
  },
  "The Pop Archipelago": {
    "pop": 353,
    "teen pop": 0,
    "dance-pop": 26,
    "europop": 13,
    "k-pop": 5,
    "j-pop": 23,
    "power pop": 6,
    "indie pop": 18,
    "dream pop": 2,
    "bubblegum pop": 0,
    "traditional pop": 1
  },
  "The Folk & Roots Plains": {
    "folk": 48,
    "country": 26,
    "bluegrass": 1,
    "americana": 5,
    "acoustic": 15,
    "singer-songwriter": 9,
    "celtic": 3,
    "flamenco": 1,
    "latin": 38,
    "afrobeat": 3,
    "gospel": 4
  },
  "The Metal Peaks": {
    "metal": 79,
    "heavy metal": 19,
    "black metal": 13,
    "death metal": 19,
    "thrash metal": 3,
    "doom metal": 13,
    "nu metal": 1,
    "sludge": 2,
    "gothic metal": 3,
    "power metal": 1,
    "metalcore": 8,
    "grindcore": 11
  },
  "The Tropical Pulse": {
    "reggae": 20,
    "ska": 6,
    "dub": 8,
    "rocksteady": 0,
    "dancehall": 5,
    "soca": 1,
    "reggaeton": 10
  },
  "The Avant-Garde Isles": {
    "experimental": 128,
    "noise": 21,
    "avant-garde": 13,
    "modern classical": 4,
    "minimalism": 0,
    "drone": 28,
    "dark ambient": 15,
    "soundtrack": 12,
    "classical": 76
  }
}