{
  "The Rock Shield": {
    "rock": 439,
    "punk": 92,
    "grunge": 6,
    "hard rock": 23,
    "alternative rock": 51,
    "psychedelic rock": 21,
    "progressive rock": 18,
    "indie rock": 55,
    "rock & roll": 29,
    "rockabilly": 16,
    "surf rock": 1,
    "garage rock": 17,
    "post-punk": 14,
    "new wave": 19,
    "shoegaze": 9,
    "emo": 5,
    "pop-punk": 14,
    "post-rock": 14,
    "stoner rock": 6,
    "hardcore": 30
  },
  "The Electronic Frontier": {
    "electronic": 450,
    "techno": 59,
    "house": 111,
    "trance": 29,
    "ambient": 81,
    "idm": 12,
    "drum and bass": 19,
    "jungle": 10,
    "dubstep": 15,
    "downtempo": 32,
    "synth-pop": 52,
    "electro": 50,
    "industrial": 31,
    "glitch": 3,
    "eurodance": 4,
    "hardstyle": 14,
    "synthwave": 11,
    "trip hop": 7,
    "breakbeat": 6,
    "vaporwave": 19,
    "chiptune": 10,
    "chillout": 13,
    "lounge": 1
  },
  "The Hip-Hop Basin": {
    "hip hop": 76,
    "trap": 8,
    "boom bap": 12,
    "gangsta rap": 1,
    "r&b": 12,
    "soul": 18,
    "funk": 19,
    "disco": 24,
    "motown": 0,
    "neo soul": 1,
    "g-funk": 1,
    "lo-fi": 27,
    "mumble rap": 0
  },
  "The Jazz & Blues Delta": {
    "jazz": 119,
    "blues": 31,
    "swing": 10,
    "bebop": 1,
    "cool jazz": 2,
    "fusion": 8,
    "ragtime": 0,
    "hard bop": 2,
    "delta blues": 0,
    "chicago blues": 1,
    "soul jazz": 3,
    "bossa nova": 1
  },
  "The Pop Archipelago": {
    "pop": 354,
    "teen pop": 0,
    "dance-pop": 19,
    "europop": 15,
    "k-pop": 3,
    "j-pop": 26,
    "power pop": 6,
    "indie pop": 22,
    "dream pop": 6,
    "bubblegum pop": 0,
    "traditional pop": 1
  },
  "The Folk & Roots Plains": {
    "folk": 52,
    "country": 24,
    "bluegrass": 1,
    "americana": 1,
    "acoustic": 5,
    "singer-songwriter": 11,
    "celtic": 1,
    "flamenco": 1,
    "latin": 39,
    "afrobeat": 1,
    "gospel": 1
  },
  "The Metal Peaks": {
    "metal": 88,
    "heavy metal": 17,
    "black metal": 15,
    "death metal": 16,
    "thrash metal": 8,
    "doom metal": 14,
    "nu metal": 2,
    "sludge": 6,
    "gothic metal": 0,
    "power metal": 6,
    "metalcore": 6,
    "grindcore": 9
  },
  "The Tropical Pulse": {
    "reggae": 13,
    "ska": 6,
    "dub": 5,
    "rocksteady": 0,
    "dancehall": 0,
    "soca": 1,
    "reggaeton": 10
  },
  "The Avant-Garde Isles": {
    "experimental": 115,
    "noise": 30,
    "avant-garde": 10,
    "modern classical": 7,
    "minimalism": 0,
    "drone": 23,
    "dark ambient": 5,
    "soundtrack": 11,
    "classical": 75
  }
}