{
  "The Rock Shield": {
    "rock": 490,
    "punk": 111,
    "grunge": 10,
    "hard rock": 34,
    "alternative rock": 76,
    "psychedelic rock": 27,
    "progressive rock": 24,
    "indie rock": 76,
    "rock & roll": 42,
    "rockabilly": 17,
    "surf rock": 1,
    "garage rock": 14,
    "post-punk": 20,
    "new wave": 26,
    "shoegaze": 6,
    "emo": 7,
    "pop-punk": 16,
    "post-rock": 21,
    "stoner rock": 9,
    "hardcore": 41
  },
  "The Electronic Frontier": {
    "electronic": 534,
    "techno": 80,
    "house": 123,
    "trance": 40,
    "ambient": 114,
    "idm": 26,
    "drum and bass": 29,
    "jungle": 12,
    "dubstep": 15,
    "downtempo": 43,
    "synth-pop": 66,
    "electro": 62,
    "industrial": 46,
    "glitch": 7,
    "eurodance": 8,
    "hardstyle": 15,
    "synthwave": 14,
    "trip hop": 7,
    "breakbeat": 8,
    "vaporwave": 26,
    "chiptune": 9,
    "chillout": 16,
    "lounge": 0
  },
  "The Hip-Hop Basin": {
    "hip hop": 98,
    "trap": 18,
    "boom bap": 15,
    "gangsta rap": 2,
    "r&b": 22,
    "soul": 34,
    "funk": 33,
    "disco": 36,
    "motown": 1,
    "neo soul": 7,
    "g-funk": 1,
    "lo-fi": 28,
    "mumble rap": 0
  },
  "The Jazz & Blues Delta": {
    "jazz": 132,
    "blues": 60,
    "swing": 10,
    "bebop": 3,
    "cool jazz": 6,
    "fusion": 7,
    "ragtime": 2,
    "hard bop": 6,
    "delta blues": 1,
    "chicago blues": 0,
    "soul jazz": 6,
    "bossa nova": 1
  },
  "The Pop Archipelago": {
    "pop": 411,
    "teen pop": 1,
    "dance-pop": 17,
    "europop": 15,
    "k-pop": 5,
    "j-pop": 19,
    "power pop": 11,
    "indie pop": 36,
    "dream pop": 6,
    "bubblegum pop": 0,
    "traditional pop": 4
  },
  "The Folk & Roots Plains": {
    "folk": 75,
    "country": 39,
    "bluegrass": 1,
    "americana": 5,
    "acoustic": 6,
    "singer-songwriter": 21,
    "celtic": 3,
    "flamenco": 1,
    "latin": 29,
    "afrobeat": 3,
    "gospel": 1
  },
  "The Metal Peaks": {
    "metal": 95,
    "heavy metal": 34,
    "black metal": 17,
    "death metal": 21,
    "thrash metal": 7,
    "doom metal": 5,
    "nu metal": 0,
    "sludge": 4,
    "gothic metal": 3,
    "power metal": 5,
    "metalcore": 6,
    "grindcore": 6
  },
  "The Tropical Pulse": {
    "reggae": 18,
    "ska": 4,
    "dub": 11,
    "rocksteady": 1,
    "dancehall": 6,
    "soca": 1,
    "reggaeton": 6
  },
  "The Avant-Garde Isles": {
    "experimental": 167,
    "noise": 39,
    "avant-garde": 19,
    "modern classical": 4,
    "minimalism": 1,
    "drone": 24,
    "dark ambient": 18,
    "soundtrack": 15,
    "classical": 72
  }
}