{
  "The Rock Shield": {
    "rock": 423,
    "punk": 81,
    "grunge": 4,
    "hard rock": 29,
    "alternative rock": 42,
    "psychedelic rock": 16,
    "progressive rock": 10,
    "indie rock": 41,
    "rock & roll": 30,
    "rockabilly": 17,
    "surf rock": 1,
    "garage rock": 10,
    "post-punk": 12,
    "new wave": 22,
    "shoegaze": 9,
    "emo": 9,
    "pop-punk": 17,
    "post-rock": 9,
    "stoner rock": 7,
    "hardcore": 27
  },
  "The Electronic Frontier": {
    "electronic": 422,
    "techno": 57,
    "house": 89,
    "trance": 35,
    "ambient": 86,
    "idm": 10,
    "drum and bass": 21,
    "jungle": 8,
    "dubstep": 11,
    "downtempo": 41,
    "synth-pop": 44,
    "electro": 42,
    "industrial": 34,
    "glitch": 0,
    "eurodance": 2,
    "hardstyle": 5,
    "synthwave": 6,
    "trip hop": 6,
    "breakbeat": 5,
    "vaporwave": 23,
    "chiptune": 9,
    "chillout": 12,
    "lounge": 1
  },
  "The Hip-Hop Basin": {
    "hip hop": 92,
    "trap": 14,
    "boom bap": 17,
    "gangsta rap": 1,
    "r&b": 24,
    "soul": 30,
    "funk": 28,
    "disco": 24,
    "motown": 0,
    "neo soul": 4,
    "g-funk": 1,
    "lo-fi": 33,
    "mumble rap": 0
  },
  "The Jazz & Blues Delta": {
    "jazz": 133,
    "blues": 33,
    "swing": 10,
    "bebop": 1,
    "cool jazz": 2,
    "fusion": 11,
    "ragtime": 0,
    "hard bop": 2,
    "delta blues": 0,
    "chicago blues": 0,
    "soul jazz": 3,
    "bossa nova": 1
  },
  "The Pop Archipelago": {
    "pop": 397,
    "teen pop": 1,
    "dance-pop": 22,
    "europop": 15,
    "k-pop": 4,
    "j-pop": 26,
    "power pop": 8,
    "indie pop": 22,
    "dream pop": 6,
    "bubblegum pop": 0,
    "traditional pop": 3
  },
  "The Folk & Roots Plains": {
    "folk": 56,
    "country": 34,
    "bluegrass": 1,
    "americana": 4,
    "acoustic": 2,
    "singer-songwriter": 14,
    "celtic": 1,
    "flamenco": 1,
    "latin": 41,
    "afrobeat": 1,
    "gospel": 1
  },
  "The Metal Peaks": {
    "metal": 78,
    "heavy metal": 31,
    "black metal": 11,
    "death metal": 17,
    "thrash metal": 3,
    "doom metal": 6,
    "nu metal": 2,
    "sludge": 1,
    "gothic metal": 2,
    "power metal": 3,
    "metalcore": 9,
    "grindcore": 4
  },
  "The Tropical Pulse": {
    "reggae": 18,
    "ska": 6,
    "dub": 9,
    "rocksteady": 0,
    "dancehall": 4,
    "soca": 1,
    "reggaeton": 4
  },
  "The Avant-Garde Isles": {
    "experimental": 116,
    "noise": 25,
    "avant-garde": 14,
    "modern classical": 3,
    "minimalism": 0,
    "drone": 24,
    "dark ambient": 14,
    "soundtrack": 12,
    "classical": 68
  }
}