{
  "The Rock Shield": {
    "rock": 355,
    "punk": 66,
    "grunge": 5,
    "hard rock": 18,
    "alternative rock": 44,
    "psychedelic rock": 15,
    "progressive rock": 12,
    "indie rock": 40,
    "rock & roll": 28,
    "rockabilly": 18,
    "surf rock": 2,
    "garage rock": 8,
    "post-punk": 11,
    "new wave": 25,
    "shoegaze": 6,
    "emo": 5,
    "pop-punk": 9,
    "post-rock": 6,
    "stoner rock": 3,
    "hardcore": 30
  },
  "The Electronic Frontier": {
    "electronic": 349,
    "techno": 44,
    "house": 76,
    "trance": 26,
    "ambient": 74,
    "idm": 9,
    "drum and bass": 21,
    "jungle": 7,
    "dubstep": 8,
    "downtempo": 41,
    "synth-pop": 45,
    "electro": 41,
    "industrial": 32,
    "glitch": 4,
    "eurodance": 1,
    "hardstyle": 11,
    "synthwave": 8,
    "trip hop": 6,
    "breakbeat": 6,
    "vaporwave": 20,
    "chiptune": 0,
    "chillout": 0,
    "lounge": 2
  },
  "The Hip-Hop Basin": {
    "hip hop": 101,
    "trap": 12,
    "boom bap": 24,
    "gangsta rap": 1,
    "r&b": 23,
    "soul": 32,
    "funk": 32,
    "disco": 28,
    "motown": 1,
    "neo soul": 4,
    "g-funk": 1,
    "lo-fi": 44,
    "mumble rap": 0
  },
  "The Jazz & Blues Delta": {
    "jazz": 108,
    "blues": 26,
    "swing": 9,
    "bebop": 1,
    "cool jazz": 2,
    "fusion": 7,
    "ragtime": 0,
    "hard bop": 2,
    "delta blues": 0,
    "chicago blues": 0,
    "soul jazz": 2,
    "bossa nova": 1
  },
  "The Pop Archipelago": {
    "pop": 307,
    "teen pop": 1,
    "dance-pop": 16,
    "europop": 12,
    "k-pop": 3,
    "j-pop": 20,
    "power pop": 8,
    "indie pop": 11,
    "dream pop": 5,
    "bubblegum pop": 0,
    "traditional pop": 3
  },
  "The Folk & Roots Plains": {
    "folk": 53,
    "country": 32,
    "bluegrass": 1,
    "americana": 2,
    "acoustic": 2,
    "singer-songwriter": 9,
    "celtic": 4,
    "flamenco": 1,
    "latin": 0,
    "afrobeat": 2,
    "gospel": 1
  },
  "The Metal Peaks": {
    "metal": 62,
    "heavy metal": 27,
    "black metal": 7,
    "death metal": 12,
    "thrash metal": 1,
    "doom metal": 3,
    "nu metal": 1,
    "sludge": 3,
    "gothic metal": 3,
    "power metal": 9,
    "metalcore": 5,
    "grindcore": 2
  },
  "The Tropical Pulse": {
    "reggae": 9,
    "ska": 2,
    "dub": 9,
    "rocksteady": 0,
    "dancehall": 4,
    "soca": 0,
    "reggaeton": 3
  },
  "The Avant-Garde Isles": {
    "experimental": 108,
    "noise": 17,
    "avant-garde": 11,
    "modern classical": 3,
    "minimalism": 0,
    "drone": 16,
    "dark ambient": 12,
    "soundtrack": 10,
    "classical": 73
  }
}