{
  "The Rock Shield": {
    "rock": 351,
    "punk": 80,
    "grunge": 5,
    "hard rock": 22,
    "alternative rock": 43,
    "psychedelic rock": 8,
    "progressive rock": 13,
    "indie rock": 36,
    "rock & roll": 28,
    "rockabilly": 16,
    "surf rock": 1,
    "garage rock": 9,
    "post-punk": 15,
    "new wave": 20,
    "shoegaze": 7,
    "emo": 7,
    "pop-punk": 14,
    "post-rock": 9,
    "stoner rock": 5,
    "hardcore": 25
  },
  "The Electronic Frontier": {
    "electronic": 323,
    "techno": 51,
    "house": 62,
    "trance": 22,
    "ambient": 69,
    "idm": 11,
    "drum and bass": 13,
    "jungle": 8,
    "dubstep": 6,
    "downtempo": 46,
    "synth-pop": 53,
    "electro": 38,
    "industrial": 40,
    "glitch": 1,
    "eurodance": 0,
    "hardstyle": 12,
    "synthwave": 9,
    "trip hop": 5,
    "breakbeat": 7,
    "vaporwave": 23,
    "chiptune": 6,
    "chillout": 5,
    "lounge": 0
  },
  "The Hip-Hop Basin": {
    "hip hop": 112,
    "trap": 11,
    "boom bap": 29,
    "gangsta rap": 1,
    "r&b": 20,
    "soul": 22,
    "funk": 30,
    "disco": 23,
    "motown": 0,
    "neo soul": 1,
    "g-funk": 1,
    "lo-fi": 41,
    "mumble rap": 0
  },
  "The Jazz & Blues Delta": {
    "jazz": 113,
    "blues": 32,
    "swing": 11,
    "bebop": 1,
    "cool jazz": 2,
    "fusion": 7,
    "ragtime": 0,
    "hard bop": 3,
    "delta blues": 0,
    "chicago blues": 0,
    "soul jazz": 2,
    "bossa nova": 2
  },
  "The Pop Archipelago": {
    "pop": 300,
    "teen pop": 2,
    "dance-pop": 20,
    "europop": 15,
    "k-pop": 4,
    "j-pop": 16,
    "power pop": 10,
    "indie pop": 19,
    "dream pop": 7,
    "bubblegum pop": 2,
    "traditional pop": 3
  },
  "The Folk & Roots Plains": {
    "folk": 45,
    "country": 33,
    "bluegrass": 0,
    "americana": 3,
    "acoustic": 1,
    "singer-songwriter": 11,
    "celtic": 1,
    "flamenco": 1,
    "latin": 21,
    "afrobeat": 2,
    "gospel": 0
  },
  "The Metal Peaks": {
    "metal": 63,
    "heavy metal": 20,
    "black metal": 7,
    "death metal": 18,
    "thrash metal": 6,
    "doom metal": 5,
    "nu metal": 2,
    "sludge": 2,
    "gothic metal": 4,
    "power metal": 2,
    "metalcore": 6,
    "grindcore": 2
  },
  "The Tropical Pulse": {
    "reggae": 11,
    "ska": 4,
    "dub": 4,
    "rocksteady": 0,
    "dancehall": 2,
    "soca": 1,
    "reggaeton": 4
  },
  "The Avant-Garde Isles": {
    "experimental": 80,
    "noise": 21,
    "avant-garde": 8,
    "modern classical": 3,
    "minimalism": 0,
    "drone": 13,
    "dark ambient": 8,
    "soundtrack": 10,
    "classical": 69
  }
}