{
  "The Rock Shield": {
    "rock": 331,
    "punk": 68,
    "grunge": 10,
    "hard rock": 26,
    "alternative rock": 56,
    "psychedelic rock": 11,
    "progressive rock": 18,
    "indie rock": 41,
    "rock & roll": 29,
    "rockabilly": 16,
    "surf rock": 1,
    "garage rock": 8,
    "post-punk": 17,
    "new wave": 24,
    "shoegaze": 10,
    "emo": 5,
    "pop-punk": 7,
    "post-rock": 6,
    "stoner rock": 4,
    "hardcore": 24
  },
  "The Electronic Frontier": {
    "electronic": 317,
    "techno": 52,
    "house": 72,
    "trance": 22,
    "ambient": 0,
    "idm": 0,
    "drum and bass": 12,
    "jungle": 6,
    "dubstep": 5,
    "downtempo": 38,
    "synth-pop": 55,
    "electro": 46,
    "industrial": 28,
    "glitch": 1,
    "eurodance": 0,
    "hardstyle": 6,
    "synthwave": 7,
    "trip hop": 11,
    "breakbeat": 5,
    "vaporwave": 28,
    "chiptune": 7,
    "chillout": 10,
    "lounge": 3
  },
  "The Hip-Hop Basin": {
    "hip hop": 92,
    "trap": 13,
    "boom bap": 16,
    "gangsta rap": 1,
    "r&b": 24,
    "soul": 23,
    "funk": 19,
    "disco": 23,
    "motown": 0,
    "neo soul": 2,
    "g-funk": 1,
    "lo-fi": 28,
    "mumble rap": 0
  },
  "The Jazz & Blues Delta": {
    "jazz": 106,
    "blues": 31,
    "swing": 13,
    "bebop": 1,
    "cool jazz": 2,
    "fusion": 7,
    "ragtime": 0,
    "hard bop": 3,
    "delta blues": 0,
    "chicago blues": 0,
    "soul jazz": 4,
    "bossa nova": 1
  },
  "The Pop Archipelago": {
    "pop": 283,
    "teen pop": 1,
    "dance-pop": 22,
    "europop": 13,
    "k-pop": 1,
    "j-pop": 14,
    "power pop": 8,
    "indie pop": 19,
    "dream pop": 6,
    "bubblegum pop": 1,
    "traditional pop": 2
  },
  "The Folk & Roots Plains": {
    "folk": 43,
    "country": 27,
    "bluegrass": 0,
    "americana": 4,
    "acoustic": 1,
    "singer-songwriter": 17,
    "celtic": 2,
    "flamenco": 1,
    "latin": 23,
    "afrobeat": 2,
    "gospel": 0
  },
  "The Metal Peaks": {
    "metal": 56,
    "heavy metal": 24,
    "black metal": 9,
    "death metal": 13,
    "thrash metal": 3,
    "doom metal": 2,
    "nu metal": 5,
    "sludge": 3,
    "gothic metal": 2,
    "power metal": 0,
    "metalcore": 4,
    "grindcore": 3
  },
  "The Tropical Pulse": {
    "reggae": 12,
    "ska": 3,
    "dub": 2,
    "rocksteady": 0,
    "dancehall": 3,
    "soca": 0,
    "reggaeton": 4
  },
  "The Avant-Garde Isles": {
    "experimental": 82,
    "noise": 20,
    "avant-garde": 11,
    "modern classical": 3,
    "minimalism": 1,
    "drone": 15,
    "dark ambient": 14,
    "soundtrack": 16,
    "classical": 68
  }
}