{
  "The Rock Shield": {
    "rock": 229,
    "punk": 46,
    "grunge": 4,
    "hard rock": 18,
    "alternative rock": 27,
    "psychedelic rock": 8,
    "progressive rock": 13,
    "indie rock": 24,
    "rock & roll": 25,
    "rockabilly": 16,
    "surf rock": 1,
    "garage rock": 7,
    "post-punk": 8,
    "new wave": 19,
    "shoegaze": 3,
    "emo": 3,
    "pop-punk": 5,
    "post-rock": 4,
    "stoner rock": 4,
    "hardcore": 22
  },
  "The Electronic Frontier": {
    "electronic": 219,
    "techno": 39,
    "house": 47,
    "trance": 13,
    "ambient": 42,
    "idm": 7,
    "drum and bass": 13,
    "jungle": 5,
    "dubstep": 5,
    "downtempo": 22,
    "synth-pop": 32,
    "electro": 25,
    "industrial": 16,
    "glitch": 2,
    "eurodance": 2,
    "hardstyle": 5,
    "synthwave": 4,
    "trip hop": 5,
    "breakbeat": 4,
    "vaporwave": 23,
    "chiptune": 6,
    "chillout": 5,
    "lounge": 0
  },
  "The Hip-Hop Basin": {
    "hip hop": 44,
    "trap": 5,
    "boom bap": 8,
    "gangsta rap": 1,
    "r&b": 7,
    "soul": 11,
    "funk": 12,
    "disco": 14,
    "motown": 0,
    "neo soul": 0,
    "g-funk": 1,
    "lo-fi": 21,
    "mumble rap": 0
  },
  "The Jazz & Blues Delta": {
    "jazz": 93,
    "blues": 17,
    "swing": 9,
    "bebop": 1,
    "cool jazz": 2,
    "fusion": 8,
    "ragtime": 0,
    "hard bop": 2,
    "delta blues": 0,
    "chicago blues": 0,
    "soul jazz": 2,
    "bossa nova": 1
  },
  "The Pop Archipelago": {
    "pop": 185,
    "teen pop": 1,
    "dance-pop": 6,
    "europop": 10,
    "k-pop": 1,
    "j-pop": 12,
    "power pop": 5,
    "indie pop": 7,
    "dream pop": 1,
    "bubblegum pop": 0,
    "traditional pop": 2
  },
  "The Folk & Roots Plains": {
    "folk": 23,
    "country": 15,
    "bluegrass": 0,
    "americana": 0,
    "acoustic": 1,
    "singer-songwriter": 3,
    "celtic": 1,
    "flamenco": 1,
    "latin": 22,
    "afrobeat": 1,
    "gospel": 0
  },
  "The Metal Peaks": {
    "metal": 34,
    "heavy metal": 10,
    "black metal": 5,
    "death metal": 8,
    "thrash metal": 1,
    "doom metal": 2,
    "nu metal": 0,
    "sludge": 1,
    "gothic metal": 0,
    "power metal": 0,
    "metalcore": 5,
    "grindcore": 2
  },
  "The Tropical Pulse": {
    "reggae": 7,
    "ska": 2,
    "dub": 3,
    "rocksteady": 0,
    "dancehall": 0,
    "soca": 0,
    "reggaeton": 2
  },
  "The Avant-Garde Isles": {
    "experimental": 67,
    "noise": 13,
    "avant-garde": 10,
    "modern classical": 2,
    "minimalism": 0,
    "drone": 8,
    "dark ambient": 7,
    "soundtrack": 8,
    "classical": 62
  }
}