{
  "The Rock Shield": {
    "rock": 271,
    "punk": 68,
    "grunge": 6,
    "hard rock": 27,
    "alternative rock": 44,
    "psychedelic rock": 11,
    "progressive rock": 12,
    "indie": 57,
    "rock & roll": 45,
    "rockabilly": 18,
    "surf": 5,
    "garage rock": 11,
    "post-punk": 13,
    "new wave": 18,
    "britpop": 9,
    "shoegaze": 3,
    "emo": 6,
    "pop-punk": 6,
    "post-rock": 9,
    "stoner rock": 2,
    "hardcore": 19
  },
  "The Electronic Frontier": {
    "electronic": 234,
    "techno": 44,
    "house": 52,
    "trance": 11,
    "ambient": 53,
    "idm": 13,
    "drum and bass": 8,
    "jungle": 4,
    "dubstep": 5,
    "downtempo": 24,
    "synth-pop": 34,
    "electro": 28,
    "industrial": 14,
    "glitch": 0,
    "eurodance": 0,
    "hardstyle": 1,
    "synthwave": 4,
    "trip hop": 5,
    "breakbeat": 5,
    "vaporwave": 23,
    "chiptune": 5,
    "chillout": 5,
    "lounge": 1
  },
  "The Hip-Hop Basin": {
    "hip hop": 44,
    "trap": 9,
    "boom bap": 9,
    "gangsta rap": 2,
    "r&b": 14,
    "soul": 16,
    "funk": 23,
    "disco": 20,
    "motown": 1,
    "neo soul": 3,
    "g-funk": 1,
    "lo-fi": 25
  },
  "The Jazz & Blues Delta": {
    "jazz": 135,
    "blues": 45,
    "swing": 22,
    "bebop": 4,
    "cool jazz": 8,
    "fusion": 6,
    "ragtime": 1,
    "hard bop": 5,
    "delta blues": 1,
    "chicago blues": 1,
    "soul jazz": 4,
    "bossa nova": 1
  },
  "The Pop Archipelago": {
    "pop": 237,
    "teen pop": 0,
    "dance-pop": 5,
    "europop": 6,
    "k-pop": 1,
    "j-pop": 12,
    "power pop": 6,
    "indie pop": 11,
    "dream pop": 4,
    "traditional pop": 3
  },
  "The Folk & Roots Plains": {
    "folk": 34,
    "country": 27,
    "bluegrass": 1,
    "americana": 0,
    "acoustic": 4,
    "singer-songwriter": 3,
    "celtic": 1,
    "flamenco": 1,
    "latin": 19,
    "gospel": 0
  },
  "The Tropical Pulse": {
    "afrobeats": 1,
    "reggae": 7,
    "ska": 2,
    "dub": 2,
    "rocksteady": 0,
    "dancehall": 1,
    "soca": 0,
    "reggaeton": 2,
    "calypso": 1,
    "zouk": 0,
    "merengue": 0,
    "bachata": 0
  },
  "The Metal Peaks": {
    "metal": 39,
    "heavy metal": 18,
    "black metal": 4,
    "death metal": 10,
    "thrash metal": 4,
    "doom metal": 1,
    "nu metal": 0,
    "sludge": 1,
    "gothic metal": 1,
    "power metal": 0,
    "metalcore": 5,
    "grindcore": 3
  },
  "The Avant-Garde Isles": {
    "classical": 70,
    "experimental": 67,
    "noise": 14,
    "avant-garde": 11,
    "modern classical": 3,
    "minimalism": 0,
    "drone": 3,
    "dark ambient": 6,
    "soundtrack": 13
  }
}