{
  "The Rock Shield": {
    "rock": 262,
    "punk": 54,
    "grunge": 2,
    "hard rock": 9,
    "alternative rock": 23,
    "psychedelic rock": 3,
    "progressive rock": 4,
    "indie": 31,
    "rock & roll": 58,
    "rockabilly": 19,
    "surf": 7,
    "garage rock": 10,
    "post-punk": 11,
    "new wave": 16,
    "britpop": 0,
    "shoegaze": 3,
    "emo": 6,
    "pop-punk": 6,
    "post-rock": 4,
    "stoner rock": 1,
    "hardcore": 14
  },
  "The Electronic Frontier": {
    "electronic": 205,
    "techno": 42,
    "house": 45,
    "trance": 6,
    "ambient": 43,
    "idm": 12,
    "drum and bass": 8,
    "jungle": 4,
    "dubstep": 5,
    "downtempo": 20,
    "synth-pop": 28,
    "electro": 25,
    "industrial": 12,
    "glitch": 0,
    "eurodance": 0,
    "hardstyle": 1,
    "synthwave": 4,
    "trip hop": 2,
    "breakbeat": 5,
    "vaporwave": 23,
    "chiptune": 5,
    "chillout": 5,
    "lounge": 1
  },
  "The Hip-Hop Basin": {
    "hip hop": 37,
    "trap": 6,
    "boom bap": 8,
    "gangsta rap": 1,
    "r&b": 9,
    "soul": 20,
    "funk": 15,
    "disco": 14,
    "motown": 0,
    "neo soul": 0,
    "g-funk": 1,
    "lo-fi": 23
  },
  "The Jazz & Blues Delta": {
    "jazz": 150,
    "blues": 25,
    "swing": 19,
    "bebop": 1,
    "cool jazz": 7,
    "fusion": 6,
    "ragtime": 0,
    "hard bop": 13,
    "delta blues": 1,
    "chicago blues": 2,
    "soul jazz": 3,
    "bossa nova": 3
  },
  "The Pop Archipelago": {
    "pop": 231,
    "teen pop": 0,
    "dance-pop": 1,
    "europop": 6,
    "k-pop": 1,
    "j-pop": 12,
    "power pop": 6,
    "indie pop": 6,
    "dream pop": 1,
    "traditional pop": 1
  },
  "The Folk & Roots Plains": {
    "folk": 23,
    "country": 26,
    "bluegrass": 3,
    "americana": 0,
    "acoustic": 0,
    "singer-songwriter": 2,
    "celtic": 2,
    "flamenco": 1,
    "latin": 20,
    "gospel": 3
  },
  "The Tropical Pulse": {
    "afrobeats": 1,
    "reggae": 10,
    "ska": 4,
    "dub": 1,
    "rocksteady": 1,
    "dancehall": 0,
    "soca": 0,
    "reggaeton": 2,
    "calypso": 1,
    "zouk": 0,
    "merengue": 0,
    "bachata": 0
  },
  "The Metal Peaks": {
    "metal": 25,
    "heavy metal": 6,
    "black metal": 4,
    "death metal": 10,
    "thrash metal": 1,
    "doom metal": 0,
    "nu metal": 0,
    "sludge": 0,
    "gothic metal": 0,
    "power metal": 0,
    "metalcore": 5,
    "grindcore": 3
  },
  "The Avant-Garde Isles": {
    "classical": 73,
    "experimental": 53,
    "noise": 12,
    "avant-garde": 7,
    "modern classical": 2,
    "minimalism": 0,
    "drone": 3,
    "dark ambient": 6,
    "soundtrack": 10
  }
}