{
  "The Rock Shield": {
    "rock": 309,
    "punk": 55,
    "grunge": 2,
    "hard rock": 13,
    "alternative rock": 24,
    "psychedelic rock": 14,
    "progressive rock": 4,
    "indie": 31,
    "rock & roll": 55,
    "rockabilly": 16,
    "surf": 8,
    "garage rock": 18,
    "post-punk": 11,
    "new wave": 17,
    "britpop": 2,
    "shoegaze": 3,
    "emo": 6,
    "pop-punk": 6,
    "post-rock": 4,
    "stoner rock": 3,
    "hardcore": 14
  },
  "The Electronic Frontier": {
    "electronic": 206,
    "techno": 42,
    "house": 46,
    "trance": 6,
    "ambient": 43,
    "idm": 12,
    "drum and bass": 8,
    "jungle": 4,
    "dubstep": 5,
    "downtempo": 20,
    "synth-pop": 28,
    "electro": 25,
    "industrial": 12,
    "glitch": 0,
    "eurodance": 0,
    "hardstyle": 1,
    "synthwave": 4,
    "trip hop": 2,
    "breakbeat": 5,
    "vaporwave": 23,
    "chiptune": 5,
    "chillout": 5,
    "lounge": 1
  },
  "The Hip-Hop Basin": {
    "hip hop": 37,
    "trap": 6,
    "boom bap": 8,
    "gangsta rap": 1,
    "r&b": 9,
    "soul": 27,
    "funk": 16,
    "disco": 15,
    "motown": 1,
    "neo soul": 0,
    "g-funk": 1,
    "lo-fi": 23
  },
  "The Jazz & Blues Delta": {
    "jazz": 145,
    "blues": 42,
    "swing": 15,
    "bebop": 1,
    "cool jazz": 5,
    "fusion": 7,
    "ragtime": 0,
    "hard bop": 13,
    "delta blues": 5,
    "chicago blues": 1,
    "soul jazz": 4,
    "bossa nova": 1
  },
  "The Pop Archipelago": {
    "pop": 264,
    "teen pop": 0,
    "dance-pop": 1,
    "europop": 6,
    "k-pop": 1,
    "j-pop": 12,
    "power pop": 6,
    "indie pop": 6,
    "dream pop": 1,
    "traditional pop": 1
  },
  "The Folk & Roots Plains": {
    "folk": 35,
    "country": 29,
    "bluegrass": 2,
    "americana": 0,
    "acoustic": 1,
    "singer-songwriter": 2,
    "celtic": 1,
    "flamenco": 2,
    "latin": 22,
    "gospel": 1
  },
  "The Tropical Pulse": {
    "afrobeats": 1,
    "reggae": 8,
    "ska": 3,
    "dub": 2,
    "rocksteady": 1,
    "dancehall": 1,
    "soca": 0,
    "reggaeton": 2,
    "calypso": 0,
    "zouk": 0,
    "merengue": 0,
    "bachata": 0
  },
  "The Metal Peaks": {
    "metal": 26,
    "heavy metal": 6,
    "black metal": 4,
    "death metal": 10,
    "thrash metal": 1,
    "doom metal": 0,
    "nu metal": 0,
    "sludge": 0,
    "gothic metal": 0,
    "power metal": 0,
    "metalcore": 5,
    "grindcore": 3
  },
  "The Avant-Garde Isles": {
    "classical": 72,
    "experimental": 53,
    "noise": 12,
    "avant-garde": 11,
    "modern classical": 2,
    "minimalism": 0,
    "drone": 3,
    "dark ambient": 6,
    "soundtrack": 11
  }
}