{
  "The Rock Shield": {
    "rock": 328,
    "punk": 56,
    "grunge": 2,
    "hard rock": 12,
    "alternative rock": 28,
    "psychedelic rock": 52,
    "progressive rock": 8,
    "indie": 34,
    "rock & roll": 47,
    "rockabilly": 18,
    "surf": 8,
    "garage rock": 22,
    "post-punk": 11,
    "new wave": 16,
    "britpop": 2,
    "shoegaze": 3,
    "emo": 6,
    "pop-punk": 6,
    "post-rock": 5,
    "stoner rock": 3,
    "hardcore": 14
  },
  "The Electronic Frontier": {
    "electronic": 215,
    "techno": 43,
    "house": 47,
    "trance": 6,
    "ambient": 46,
    "idm": 12,
    "drum and bass": 8,
    "jungle": 4,
    "dubstep": 5,
    "downtempo": 22,
    "synth-pop": 28,
    "electro": 26,
    "industrial": 12,
    "glitch": 0,
    "eurodance": 0,
    "hardstyle": 1,
    "synthwave": 4,
    "trip hop": 2,
    "breakbeat": 5,
    "vaporwave": 23,
    "chiptune": 5,
    "chillout": 5,
    "lounge": 2
  },
  "The Hip-Hop Basin": {
    "hip hop": 36,
    "trap": 6,
    "boom bap": 8,
    "gangsta rap": 1,
    "r&b": 9,
    "soul": 35,
    "funk": 22,
    "disco": 14,
    "motown": 4,
    "neo soul": 0,
    "g-funk": 1,
    "lo-fi": 24
  },
  "The Jazz & Blues Delta": {
    "jazz": 137,
    "blues": 37,
    "swing": 14,
    "bebop": 1,
    "cool jazz": 7,
    "fusion": 7,
    "ragtime": 0,
    "hard bop": 5,
    "delta blues": 1,
    "chicago blues": 1,
    "soul jazz": 4,
    "bossa nova": 3
  },
  "The Pop Archipelago": {
    "pop": 270,
    "teen pop": 0,
    "dance-pop": 1,
    "europop": 7,
    "k-pop": 1,
    "j-pop": 12,
    "power pop": 6,
    "indie pop": 7,
    "dream pop": 2,
    "traditional pop": 1
  },
  "The Folk & Roots Plains": {
    "folk": 47,
    "country": 26,
    "bluegrass": 1,
    "americana": 0,
    "acoustic": 1,
    "singer-songwriter": 2,
    "celtic": 1,
    "flamenco": 2,
    "latin": 23,
    "gospel": 0
  },
  "The Tropical Pulse": {
    "afrobeats": 1,
    "reggae": 15,
    "ska": 3,
    "dub": 1,
    "rocksteady": 5,
    "dancehall": 0,
    "soca": 0,
    "reggaeton": 2,
    "calypso": 0,
    "zouk": 0,
    "merengue": 0,
    "bachata": 0
  },
  "The Metal Peaks": {
    "metal": 25,
    "heavy metal": 6,
    "black metal": 4,
    "death metal": 10,
    "thrash metal": 1,
    "doom metal": 0,
    "nu metal": 0,
    "sludge": 0,
    "gothic metal": 0,
    "power metal": 0,
    "metalcore": 5,
    "grindcore": 4
  },
  "The Avant-Garde Isles": {
    "classical": 79,
    "experimental": 63,
    "noise": 16,
    "avant-garde": 10,
    "modern classical": 3,
    "minimalism": 0,
    "drone": 4,
    "dark ambient": 7,
    "soundtrack": 13
  }
}