{
  "The Rock Shield": {
    "rock": 374,
    "punk": 58,
    "grunge": 3,
    "hard rock": 24,
    "alternative rock": 23,
    "psychedelic rock": 57,
    "progressive rock": 9,
    "indie": 34,
    "rock & roll": 44,
    "rockabilly": 16,
    "surf": 7,
    "garage rock": 13,
    "post-punk": 11,
    "new wave": 16,
    "britpop": 1,
    "shoegaze": 3,
    "emo": 6,
    "pop-punk": 6,
    "post-rock": 5,
    "stoner rock": 8,
    "hardcore": 14
  },
  "The Electronic Frontier": {
    "electronic": 231,
    "techno": 43,
    "house": 45,
    "trance": 7,
    "ambient": 49,
    "idm": 12,
    "drum and bass": 8,
    "jungle": 4,
    "dubstep": 5,
    "downtempo": 21,
    "synth-pop": 28,
    "electro": 30,
    "industrial": 19,
    "glitch": 0,
    "eurodance": 0,
    "hardstyle": 1,
    "synthwave": 4,
    "trip hop": 2,
    "breakbeat": 5,
    "vaporwave": 23,
    "chiptune": 5,
    "chillout": 5,
    "lounge": 1
  },
  "The Hip-Hop Basin": {
    "hip hop": 37,
    "trap": 6,
    "boom bap": 8,
    "gangsta rap": 1,
    "r&b": 9,
    "soul": 41,
    "funk": 31,
    "disco": 16,
    "motown": 1,
    "neo soul": 1,
    "g-funk": 1,
    "lo-fi": 24
  },
  "The Jazz & Blues Delta": {
    "jazz": 126,
    "blues": 59,
    "swing": 12,
    "bebop": 1,
    "cool jazz": 2,
    "fusion": 7,
    "ragtime": 0,
    "hard bop": 4,
    "delta blues": 0,
    "chicago blues": 2,
    "soul jazz": 3,
    "bossa nova": 5
  },
  "The Pop Archipelago": {
    "pop": 262,
    "teen pop": 0,
    "dance-pop": 1,
    "europop": 6,
    "k-pop": 1,
    "j-pop": 12,
    "power pop": 6,
    "indie pop": 6,
    "dream pop": 1,
    "traditional pop": 1
  },
  "The Folk & Roots Plains": {
    "folk": 46,
    "country": 24,
    "bluegrass": 2,
    "americana": 2,
    "acoustic": 3,
    "singer-songwriter": 2,
    "celtic": 1,
    "flamenco": 1,
    "latin": 32,
    "gospel": 4
  },
  "The Tropical Pulse": {
    "afrobeats": 2,
    "reggae": 17,
    "ska": 5,
    "dub": 4,
    "rocksteady": 7,
    "dancehall": 2,
    "soca": 0,
    "reggaeton": 2,
    "calypso": 0,
    "zouk": 0,
    "merengue": 0,
    "bachata": 0
  },
  "The Metal Peaks": {
    "metal": 29,
    "heavy metal": 7,
    "black metal": 4,
    "death metal": 10,
    "thrash metal": 1,
    "doom metal": 0,
    "nu metal": 0,
    "sludge": 0,
    "gothic metal": 0,
    "power metal": 0,
    "metalcore": 5,
    "grindcore": 3
  },
  "The Avant-Garde Isles": {
    "classical": 74,
    "experimental": 72,
    "noise": 15,
    "avant-garde": 16,
    "modern classical": 3,
    "minimalism": 0,
    "drone": 3,
    "dark ambient": 10,
    "soundtrack": 10
  }
}