{
  "The Rock Shield": {
    "rock": 423,
    "punk": 57,
    "grunge": 2,
    "hard rock": 27,
    "alternative rock": 30,
    "psychedelic rock": 51,
    "progressive rock": 11,
    "indie": 34,
    "rock & roll": 54,
    "rockabilly": 18,
    "surf": 6,
    "garage rock": 16,
    "post-punk": 11,
    "new wave": 16,
    "britpop": 2,
    "shoegaze": 3,
    "emo": 6,
    "pop-punk": 6,
    "post-rock": 4,
    "stoner rock": 13,
    "hardcore": 14
  },
  "The Electronic Frontier": {
    "electronic": 216,
    "techno": 44,
    "house": 46,
    "trance": 7,
    "ambient": 45,
    "idm": 12,
    "drum and bass": 8,
    "jungle": 4,
    "dubstep": 6,
    "downtempo": 20,
    "synth-pop": 28,
    "electro": 27,
    "industrial": 12,
    "glitch": 2,
    "eurodance": 0,
    "hardstyle": 1,
    "synthwave": 4,
    "trip hop": 2,
    "breakbeat": 5,
    "vaporwave": 27,
    "chiptune": 5,
    "chillout": 5,
    "lounge": 2
  },
  "The Hip-Hop Basin": {
    "hip hop": 38,
    "trap": 6,
    "boom bap": 8,
    "gangsta rap": 1,
    "r&b": 6,
    "soul": 33,
    "funk": 24,
    "disco": 16,
    "motown": 1,
    "neo soul": 0,
    "g-funk": 1,
    "lo-fi": 23
  },
  "The Jazz & Blues Delta": {
    "jazz": 152,
    "blues": 78,
    "swing": 13,
    "bebop": 1,
    "cool jazz": 3,
    "fusion": 13,
    "ragtime": 0,
    "hard bop": 4,
    "delta blues": 1,
    "chicago blues": 2,
    "soul jazz": 3,
    "bossa nova": 4
  },
  "The Pop Archipelago": {
    "pop": 277,
    "teen pop": 0,
    "dance-pop": 1,
    "europop": 8,
    "k-pop": 1,
    "j-pop": 12,
    "power pop": 6,
    "indie pop": 8,
    "dream pop": 1,
    "traditional pop": 1
  },
  "The Folk & Roots Plains": {
    "folk": 44,
    "country": 39,
    "bluegrass": 2,
    "americana": 0,
    "acoustic": 2,
    "singer-songwriter": 3,
    "celtic": 1,
    "flamenco": 2,
    "latin": 27,
    "gospel": 3
  },
  "The Tropical Pulse": {
    "afrobeats": 1,
    "reggae": 13,
    "ska": 4,
    "dub": 2,
    "rocksteady": 2,
    "dancehall": 0,
    "soca": 0,
    "reggaeton": 2,
    "calypso": 0,
    "zouk": 0,
    "merengue": 0,
    "bachata": 0
  },
  "The Metal Peaks": {
    "metal": 31,
    "heavy metal": 10,
    "black metal": 4,
    "death metal": 10,
    "thrash metal": 1,
    "doom metal": 0,
    "nu metal": 0,
    "sludge": 0,
    "gothic metal": 0,
    "power metal": 0,
    "metalcore": 5,
    "grindcore": 3
  },
  "The Avant-Garde Isles": {
    "classical": 75,
    "experimental": 64,
    "noise": 12,
    "avant-garde": 10,
    "modern classical": 3,
    "minimalism": 1,
    "drone": 3,
    "dark ambient": 6,
    "soundtrack": 11
  }
}