{
  "The Rock Shield": {
    "rock": 442,
    "punk": 59,
    "grunge": 2,
    "hard rock": 35,
    "alternative rock": 27,
    "psychedelic rock": 61,
    "progressive rock": 13,
    "indie": 31,
    "rock & roll": 53,
    "rockabilly": 16,
    "surf": 6,
    "garage rock": 15,
    "post-punk": 11,
    "new wave": 17,
    "britpop": 0,
    "shoegaze": 3,
    "emo": 6,
    "pop-punk": 6,
    "post-rock": 4,
    "stoner rock": 3,
    "hardcore": 14
  },
  "The Electronic Frontier": {
    "electronic": 219,
    "techno": 42,
    "house": 46,
    "trance": 7,
    "ambient": 45,
    "idm": 12,
    "drum and bass": 8,
    "jungle": 4,
    "dubstep": 5,
    "downtempo": 20,
    "synth-pop": 30,
    "electro": 27,
    "industrial": 12,
    "glitch": 0,
    "eurodance": 0,
    "hardstyle": 1,
    "synthwave": 4,
    "trip hop": 2,
    "breakbeat": 6,
    "vaporwave": 23,
    "chiptune": 5,
    "chillout": 5,
    "lounge": 2
  },
  "The Hip-Hop Basin": {
    "hip hop": 38,
    "trap": 6,
    "boom bap": 8,
    "gangsta rap": 1,
    "r&b": 9,
    "soul": 31,
    "funk": 28,
    "disco": 17,
    "motown": 3,
    "neo soul": 0,
    "g-funk": 1,
    "lo-fi": 25
  },
  "The Jazz & Blues Delta": {
    "jazz": 144,
    "blues": 86,
    "swing": 12,
    "bebop": 1,
    "cool jazz": 2,
    "fusion": 11,
    "ragtime": 0,
    "hard bop": 5,
    "delta blues": 1,
    "chicago blues": 2,
    "soul jazz": 4,
    "bossa nova": 2
  },
  "The Pop Archipelago": {
    "pop": 280,
    "teen pop": 0,
    "dance-pop": 1,
    "europop": 7,
    "k-pop": 1,
    "j-pop": 12,
    "power pop": 8,
    "indie pop": 6,
    "dream pop": 1,
    "traditional pop": 2
  },
  "The Folk & Roots Plains": {
    "folk": 50,
    "country": 36,
    "bluegrass": 2,
    "americana": 0,
    "acoustic": 2,
    "singer-songwriter": 4,
    "celtic": 1,
    "flamenco": 1,
    "latin": 26,
    "gospel": 3
  },
  "The Tropical Pulse": {
    "afrobeats": 1,
    "reggae": 12,
    "ska": 3,
    "dub": 2,
    "rocksteady": 0,
    "dancehall": 0,
    "soca": 0,
    "reggaeton": 2,
    "calypso": 0,
    "zouk": 0,
    "merengue": 0,
    "bachata": 0
  },
  "The Metal Peaks": {
    "metal": 35,
    "heavy metal": 15,
    "black metal": 4,
    "death metal": 10,
    "thrash metal": 1,
    "doom metal": 4,
    "nu metal": 0,
    "sludge": 0,
    "gothic metal": 0,
    "power metal": 0,
    "metalcore": 5,
    "grindcore": 3
  },
  "The Avant-Garde Isles": {
    "classical": 75,
    "experimental": 67,
    "noise": 13,
    "avant-garde": 13,
    "modern classical": 2,
    "minimalism": 0,
    "drone": 3,
    "dark ambient": 6,
    "soundtrack": 10
  }
}