{
  "The Rock Shield": {
    "rock": 410,
    "punk": 61,
    "grunge": 2,
    "hard rock": 30,
    "alternative rock": 26,
    "psychedelic rock": 24,
    "progressive rock": 21,
    "indie": 32,
    "rock & roll": 42,
    "rockabilly": 16,
    "surf": 6,
    "garage rock": 15,
    "post-punk": 12,
    "new wave": 16,
    "britpop": 0,
    "shoegaze": 3,
    "emo": 6,
    "pop-punk": 7,
    "post-rock": 4,
    "stoner rock": 1,
    "hardcore": 14
  },
  "The Electronic Frontier": {
    "electronic": 220,
    "techno": 43,
    "house": 47,
    "trance": 6,
    "ambient": 47,
    "idm": 12,
    "drum and bass": 8,
    "jungle": 5,
    "dubstep": 5,
    "downtempo": 20,
    "synth-pop": 28,
    "electro": 25,
    "industrial": 13,
    "glitch": 0,
    "eurodance": 0,
    "hardstyle": 1,
    "synthwave": 4,
    "trip hop": 2,
    "breakbeat": 5,
    "vaporwave": 23,
    "chiptune": 5,
    "chillout": 5,
    "lounge": 1
  },
  "The Hip-Hop Basin": {
    "hip hop": 39,
    "trap": 6,
    "boom bap": 8,
    "gangsta rap": 1,
    "r&b": 11,
    "soul": 34,
    "funk": 31,
    "disco": 23,
    "motown": 2,
    "neo soul": 0,
    "g-funk": 1,
    "lo-fi": 23
  },
  "The Jazz & Blues Delta": {
    "jazz": 143,
    "blues": 49,
    "swing": 14,
    "bebop": 1,
    "cool jazz": 2,
    "fusion": 12,
    "ragtime": 3,
    "hard bop": 6,
    "delta blues": 1,
    "chicago blues": 3,
    "soul jazz": 2,
    "bossa nova": 2
  },
  "The Pop Archipelago": {
    "pop": 272,
    "teen pop": 0,
    "dance-pop": 1,
    "europop": 7,
    "k-pop": 1,
    "j-pop": 12,
    "power pop": 7,
    "indie pop": 6,
    "dream pop": 1,
    "traditional pop": 1
  },
  "The Folk & Roots Plains": {
    "folk": 40,
    "country": 31,
    "bluegrass": 1,
    "americana": 1,
    "acoustic": 2,
    "singer-songwriter": 5,
    "celtic": 1,
    "flamenco": 1,
    "latin": 25,
    "gospel": 1
  },
  "The Tropical Pulse": {
    "afrobeats": 2,
    "reggae": 16,
    "ska": 2,
    "dub": 5,
    "rocksteady": 1,
    "dancehall": 0,
    "soca": 0,
    "reggaeton": 2,
    "calypso": 0,
    "zouk": 0,
    "merengue": 0,
    "bachata": 0
  },
  "The Metal Peaks": {
    "metal": 28,
    "heavy metal": 8,
    "black metal": 4,
    "death metal": 10,
    "thrash metal": 1,
    "doom metal": 1,
    "nu metal": 0,
    "sludge": 0,
    "gothic metal": 0,
    "power metal": 0,
    "metalcore": 5,
    "grindcore": 3
  },
  "The Avant-Garde Isles": {
    "classical": 85,
    "experimental": 69,
    "noise": 12,
    "avant-garde": 10,
    "modern classical": 3,
    "minimalism": 0,
    "drone": 4,
    "dark ambient": 6,
    "soundtrack": 12
  }
}