{
  "The Rock Shield": {
    "rock": 378,
    "punk": 56,
    "grunge": 2,
    "hard rock": 36,
    "alternative rock": 24,
    "psychedelic rock": 23,
    "progressive rock": 11,
    "indie": 35,
    "rock & roll": 43,
    "rockabilly": 18,
    "surf": 5,
    "garage rock": 11,
    "post-punk": 11,
    "new wave": 17,
    "britpop": 0,
    "shoegaze": 4,
    "emo": 6,
    "pop-punk": 6,
    "post-rock": 4,
    "stoner rock": 2,
    "hardcore": 14
  },
  "The Electronic Frontier": {
    "electronic": 219,
    "techno": 43,
    "house": 45,
    "trance": 6,
    "ambient": 49,
    "idm": 12,
    "drum and bass": 8,
    "jungle": 4,
    "dubstep": 5,
    "downtempo": 20,
    "synth-pop": 28,
    "electro": 26,
    "industrial": 13,
    "glitch": 0,
    "eurodance": 0,
    "hardstyle": 1,
    "synthwave": 5,
    "trip hop": 2,
    "breakbeat": 5,
    "vaporwave": 24,
    "chiptune": 5,
    "chillout": 5,
    "lounge": 2
  },
  "The Hip-Hop Basin": {
    "hip hop": 37,
    "trap": 6,
    "boom bap": 8,
    "gangsta rap": 1,
    "r&b": 13,
    "soul": 30,
    "funk": 33,
    "disco": 19,
    "motown": 4,
    "neo soul": 0,
    "g-funk": 1,
    "lo-fi": 26
  },
  "The Jazz & Blues Delta": {
    "jazz": 139,
    "blues": 43,
    "swing": 9,
    "bebop": 1,
    "cool jazz": 2,
    "fusion": 10,
    "ragtime": 0,
    "hard bop": 2,
    "delta blues": 0,
    "chicago blues": 2,
    "soul jazz": 3,
    "bossa nova": 1
  },
  "The Pop Archipelago": {
    "pop": 260,
    "teen pop": 0,
    "dance-pop": 1,
    "europop": 6,
    "k-pop": 1,
    "j-pop": 13,
    "power pop": 7,
    "indie pop": 8,
    "dream pop": 4,
    "traditional pop": 1
  },
  "The Folk & Roots Plains": {
    "folk": 34,
    "country": 27,
    "bluegrass": 3,
    "americana": 0,
    "acoustic": 1,
    "singer-songwriter": 2,
    "celtic": 2,
    "flamenco": 1,
    "latin": 25,
    "gospel": 1
  },
  "The Tropical Pulse": {
    "afrobeats": 4,
    "reggae": 19,
    "ska": 2,
    "dub": 6,
    "rocksteady": 1,
    "dancehall": 0,
    "soca": 0,
    "reggaeton": 2,
    "calypso": 0,
    "zouk": 0,
    "merengue": 0,
    "bachata": 0
  },
  "The Metal Peaks": {
    "metal": 30,
    "heavy metal": 11,
    "black metal": 4,
    "death metal": 10,
    "thrash metal": 1,
    "doom metal": 1,
    "nu metal": 0,
    "sludge": 0,
    "gothic metal": 0,
    "power metal": 0,
    "metalcore": 5,
    "grindcore": 3
  },
  "The Avant-Garde Isles": {
    "classical": 75,
    "experimental": 64,
    "noise": 14,
    "avant-garde": 11,
    "modern classical": 3,
    "minimalism": 0,
    "drone": 3,
    "dark ambient": 6,
    "soundtrack": 12
  }
}