{
  "The Rock Shield": {
    "rock": 414,
    "punk": 59,
    "grunge": 2,
    "hard rock": 30,
    "alternative rock": 25,
    "psychedelic rock": 18,
    "progressive rock": 13,
    "indie": 34,
    "rock & roll": 37,
    "rockabilly": 16,
    "surf": 6,
    "garage rock": 12,
    "post-punk": 11,
    "new wave": 16,
    "britpop": 0,
    "shoegaze": 3,
    "emo": 6,
    "pop-punk": 7,
    "post-rock": 4,
    "stoner rock": 1,
    "hardcore": 14
  },
  "The Electronic Frontier": {
    "electronic": 236,
    "techno": 43,
    "house": 51,
    "trance": 6,
    "ambient": 45,
    "idm": 12,
    "drum and bass": 8,
    "jungle": 4,
    "dubstep": 5,
    "downtempo": 21,
    "synth-pop": 29,
    "electro": 26,
    "industrial": 13,
    "glitch": 0,
    "eurodance": 0,
    "hardstyle": 1,
    "synthwave": 4,
    "trip hop": 2,
    "breakbeat": 5,
    "vaporwave": 23,
    "chiptune": 5,
    "chillout": 5,
    "lounge": 2
  },
  "The Hip-Hop Basin": {
    "hip hop": 38,
    "trap": 6,
    "boom bap": 9,
    "gangsta rap": 1,
    "r&b": 9,
    "soul": 28,
    "funk": 33,
    "disco": 30,
    "motown": 2,
    "neo soul": 1,
    "g-funk": 1,
    "lo-fi": 24
  },
  "The Jazz & Blues Delta": {
    "jazz": 140,
    "blues": 41,
    "swing": 9,
    "bebop": 1,
    "cool jazz": 2,
    "fusion": 8,
    "ragtime": 0,
    "hard bop": 2,
    "delta blues": 2,
    "chicago blues": 3,
    "soul jazz": 2,
    "bossa nova": 4
  },
  "The Pop Archipelago": {
    "pop": 248,
    "teen pop": 0,
    "dance-pop": 1,
    "europop": 7,
    "k-pop": 1,
    "j-pop": 12,
    "power pop": 6,
    "indie pop": 8,
    "dream pop": 1,
    "traditional pop": 1
  },
  "The Folk & Roots Plains": {
    "folk": 48,
    "country": 20,
    "bluegrass": 2,
    "americana": 1,
    "acoustic": 0,
    "singer-songwriter": 2,
    "celtic": 2,
    "flamenco": 1,
    "latin": 25,
    "gospel": 3
  },
  "The Tropical Pulse": {
    "afrobeats": 2,
    "reggae": 13,
    "ska": 3,
    "dub": 5,
    "rocksteady": 3,
    "dancehall": 0,
    "soca": 0,
    "reggaeton": 2,
    "calypso": 0,
    "zouk": 0,
    "merengue": 0,
    "bachata": 0
  },
  "The Metal Peaks": {
    "metal": 33,
    "heavy metal": 13,
    "black metal": 4,
    "death metal": 11,
    "thrash metal": 2,
    "doom metal": 1,
    "nu metal": 0,
    "sludge": 0,
    "gothic metal": 0,
    "power metal": 0,
    "metalcore": 5,
    "grindcore": 3
  },
  "The Avant-Garde Isles": {
    "classical": 69,
    "experimental": 73,
    "noise": 13,
    "avant-garde": 12,
    "modern classical": 6,
    "minimalism": 0,
    "drone": 6,
    "dark ambient": 6,
    "soundtrack": 10
  }
}