{
  "The Rock Shield": {
    "rock": 433,
    "punk": 59,
    "grunge": 2,
    "hard rock": 34,
    "alternative rock": 50,
    "psychedelic rock": 22,
    "progressive rock": 16,
    "indie": 50,
    "rock & roll": 53,
    "rockabilly": 18,
    "surf": 5,
    "garage rock": 10,
    "post-punk": 11,
    "new wave": 19,
    "britpop": 0,
    "shoegaze": 4,
    "emo": 6,
    "pop-punk": 7,
    "post-rock": 5,
    "stoner rock": 1,
    "hardcore": 14
  },
  "The Electronic Frontier": {
    "electronic": 239,
    "techno": 42,
    "house": 46,
    "trance": 6,
    "ambient": 50,
    "idm": 12,
    "drum and bass": 8,
    "jungle": 4,
    "dubstep": 6,
    "downtempo": 21,
    "synth-pop": 37,
    "electro": 25,
    "industrial": 12,
    "glitch": 0,
    "eurodance": 0,
    "hardstyle": 1,
    "synthwave": 4,
    "trip hop": 2,
    "breakbeat": 5,
    "vaporwave": 23,
    "chiptune": 5,
    "chillout": 5,
    "lounge": 1
  },
  "The Hip-Hop Basin": {
    "hip hop": 37,
    "trap": 6,
    "boom bap": 8,
    "gangsta rap": 1,
    "r&b": 8,
    "soul": 29,
    "funk": 26,
    "disco": 36,
    "motown": 0,
    "neo soul": 0,
    "g-funk": 1,
    "lo-fi": 23
  },
  "The Jazz & Blues Delta": {
    "jazz": 145,
    "blues": 47,
    "swing": 13,
    "bebop": 1,
    "cool jazz": 6,
    "fusion": 8,
    "ragtime": 1,
    "hard bop": 6,
    "delta blues": 1,
    "chicago blues": 1,
    "soul jazz": 2,
    "bossa nova": 5
  },
  "The Pop Archipelago": {
    "pop": 293,
    "teen pop": 0,
    "dance-pop": 5,
    "europop": 6,
    "k-pop": 1,
    "j-pop": 12,
    "power pop": 7,
    "indie pop": 15,
    "dream pop": 3,
    "traditional pop": 1
  },
  "The Folk & Roots Plains": {
    "folk": 36,
    "country": 28,
    "bluegrass": 1,
    "americana": 1,
    "acoustic": 2,
    "singer-songwriter": 6,
    "celtic": 2,
    "flamenco": 1,
    "latin": 27,
    "gospel": 0
  },
  "The Tropical Pulse": {
    "afrobeats": 4,
    "reggae": 17,
    "ska": 3,
    "dub": 4,
    "rocksteady": 1,
    "dancehall": 0,
    "soca": 0,
    "reggaeton": 2,
    "calypso": 0,
    "zouk": 0,
    "merengue": 0,
    "bachata": 0
  },
  "The Metal Peaks": {
    "metal": 29,
    "heavy metal": 10,
    "black metal": 4,
    "death metal": 10,
    "thrash metal": 1,
    "doom metal": 1,
    "nu metal": 0,
    "sludge": 0,
    "gothic metal": 0,
    "power metal": 0,
    "metalcore": 5,
    "grindcore": 3
  },
  "The Avant-Garde Isles": {
    "classical": 75,
    "experimental": 68,
    "noise": 12,
    "avant-garde": 12,
    "modern classical": 2,
    "minimalism": 0,
    "drone": 4,
    "dark ambient": 6,
    "soundtrack": 13
  }
}