{
  "The Rock Shield": {
    "rock": 387,
    "punk": 69,
    "grunge": 2,
    "hard rock": 43,
    "alternative rock": 26,
    "psychedelic rock": 10,
    "progressive rock": 15,
    "indie": 31,
    "rock & roll": 47,
    "rockabilly": 17,
    "surf": 7,
    "garage rock": 11,
    "post-punk": 12,
    "new wave": 23,
    "britpop": 0,
    "shoegaze": 3,
    "emo": 6,
    "pop-punk": 6,
    "post-rock": 4,
    "stoner rock": 2,
    "hardcore": 14
  },
  "The Electronic Frontier": {
    "electronic": 234,
    "techno": 42,
    "house": 47,
    "trance": 6,
    "ambient": 50,
    "idm": 12,
    "drum and bass": 8,
    "jungle": 4,
    "dubstep": 5,
    "downtempo": 20,
    "synth-pop": 30,
    "electro": 27,
    "industrial": 13,
    "glitch": 0,
    "eurodance": 0,
    "hardstyle": 1,
    "synthwave": 6,
    "trip hop": 2,
    "breakbeat": 6,
    "vaporwave": 23,
    "chiptune": 5,
    "chillout": 5,
    "lounge": 1
  },
  "The Hip-Hop Basin": {
    "hip hop": 38,
    "trap": 6,
    "boom bap": 8,
    "gangsta rap": 1,
    "r&b": 10,
    "soul": 34,
    "funk": 48,
    "disco": 47,
    "motown": 1,
    "neo soul": 0,
    "g-funk": 1,
    "lo-fi": 23
  },
  "The Jazz & Blues Delta": {
    "jazz": 155,
    "blues": 43,
    "swing": 12,
    "bebop": 1,
    "cool jazz": 5,
    "fusion": 16,
    "ragtime": 1,
    "hard bop": 5,
    "delta blues": 0,
    "chicago blues": 2,
    "soul jazz": 5,
    "bossa nova": 3
  },
  "The Pop Archipelago": {
    "pop": 276,
    "teen pop": 0,
    "dance-pop": 1,
    "europop": 8,
    "k-pop": 1,
    "j-pop": 13,
    "power pop": 7,
    "indie pop": 6,
    "dream pop": 1,
    "traditional pop": 1
  },
  "The Folk & Roots Plains": {
    "folk": 34,
    "country": 32,
    "bluegrass": 1,
    "americana": 0,
    "acoustic": 0,
    "singer-songwriter": 4,
    "celtic": 2,
    "flamenco": 1,
    "latin": 27,
    "gospel": 2
  },
  "The Tropical Pulse": {
    "afrobeats": 4,
    "reggae": 14,
    "ska": 2,
    "dub": 4,
    "rocksteady": 0,
    "dancehall": 0,
    "soca": 0,
    "reggaeton": 2,
    "calypso": 0,
    "zouk": 0,
    "merengue": 0,
    "bachata": 0
  },
  "The Metal Peaks": {
    "metal": 35,
    "heavy metal": 14,
    "black metal": 4,
    "death metal": 10,
    "thrash metal": 2,
    "doom metal": 1,
    "nu metal": 0,
    "sludge": 0,
    "gothic metal": 0,
    "power metal": 0,
    "metalcore": 5,
    "grindcore": 3
  },
  "The Avant-Garde Isles": {
    "classical": 72,
    "experimental": 63,
    "noise": 14,
    "avant-garde": 10,
    "modern classical": 2,
    "minimalism": 1,
    "drone": 3,
    "dark ambient": 7,
    "soundtrack": 10
  }
}