{
  "The Rock Shield": {
    "rock": 444,
    "punk": 106,
    "grunge": 2,
    "hard rock": 47,
    "alternative rock": 38,
    "psychedelic rock": 13,
    "progressive rock": 9,
    "indie": 36,
    "rock & roll": 52,
    "rockabilly": 19,
    "surf": 5,
    "garage rock": 14,
    "post-punk": 12,
    "new wave": 44,
    "britpop": 1,
    "shoegaze": 3,
    "emo": 6,
    "pop-punk": 7,
    "post-rock": 4,
    "stoner rock": 1,
    "hardcore": 16
  },
  "The Electronic Frontier": {
    "electronic": 243,
    "techno": 44,
    "house": 49,
    "trance": 7,
    "ambient": 52,
    "idm": 13,
    "drum and bass": 9,
    "jungle": 4,
    "dubstep": 5,
    "downtempo": 22,
    "synth-pop": 38,
    "electro": 29,
    "industrial": 15,
    "glitch": 0,
    "eurodance": 0,
    "hardstyle": 1,
    "synthwave": 4,
    "trip hop": 2,
    "breakbeat": 5,
    "vaporwave": 23,
    "chiptune": 5,
    "chillout": 5,
    "lounge": 1
  },
  "The Hip-Hop Basin": {
    "hip hop": 40,
    "trap": 6,
    "boom bap": 8,
    "gangsta rap": 1,
    "r&b": 9,
    "soul": 23,
    "funk": 27,
    "disco": 37,
    "motown": 0,
    "neo soul": 0,
    "g-funk": 1,
    "lo-fi": 24
  },
  "The Jazz & Blues Delta": {
    "jazz": 140,
    "blues": 40,
    "swing": 11,
    "bebop": 1,
    "cool jazz": 3,
    "fusion": 12,
    "ragtime": 1,
    "hard bop": 3,
    "delta blues": 0,
    "chicago blues": 0,
    "soul jazz": 2,
    "bossa nova": 2
  },
  "The Pop Archipelago": {
    "pop": 271,
    "teen pop": 0,
    "dance-pop": 1,
    "europop": 8,
    "k-pop": 2,
    "j-pop": 14,
    "power pop": 13,
    "indie pop": 7,
    "dream pop": 1,
    "traditional pop": 1
  },
  "The Folk & Roots Plains": {
    "folk": 38,
    "country": 32,
    "bluegrass": 0,
    "americana": 1,
    "acoustic": 0,
    "singer-songwriter": 4,
    "celtic": 2,
    "flamenco": 2,
    "latin": 30,
    "gospel": 0
  },
  "The Tropical Pulse": {
    "afrobeats": 1,
    "reggae": 20,
    "ska": 3,
    "dub": 7,
    "rocksteady": 1,
    "dancehall": 0,
    "soca": 0,
    "reggaeton": 2,
    "calypso": 0,
    "zouk": 0,
    "merengue": 1,
    "bachata": 0
  },
  "The Metal Peaks": {
    "metal": 40,
    "heavy metal": 19,
    "black metal": 4,
    "death metal": 10,
    "thrash metal": 3,
    "doom metal": 0,
    "nu metal": 0,
    "sludge": 0,
    "gothic metal": 1,
    "power metal": 0,
    "metalcore": 5,
    "grindcore": 3
  },
  "The Avant-Garde Isles": {
    "classical": 73,
    "experimental": 65,
    "noise": 15,
    "avant-garde": 13,
    "modern classical": 3,
    "minimalism": 0,
    "drone": 3,
    "dark ambient": 6,
    "soundtrack": 9
  }
}