{
  "The Rock Shield": {
    "rock": 445,
    "punk": 95,
    "grunge": 2,
    "hard rock": 35,
    "alternative rock": 33,
    "psychedelic rock": 12,
    "progressive rock": 16,
    "indie": 38,
    "rock & roll": 67,
    "rockabilly": 20,
    "surf": 7,
    "garage rock": 11,
    "post-punk": 19,
    "new wave": 36,
    "britpop": 0,
    "shoegaze": 3,
    "emo": 6,
    "pop-punk": 9,
    "post-rock": 5,
    "stoner rock": 1,
    "hardcore": 14
  },
  "The Electronic Frontier": {
    "electronic": 247,
    "techno": 46,
    "house": 46,
    "trance": 7,
    "ambient": 51,
    "idm": 12,
    "drum and bass": 8,
    "jungle": 4,
    "dubstep": 5,
    "downtempo": 21,
    "synth-pop": 38,
    "electro": 33,
    "industrial": 13,
    "glitch": 0,
    "eurodance": 0,
    "hardstyle": 2,
    "synthwave": 4,
    "trip hop": 3,
    "breakbeat": 5,
    "vaporwave": 23,
    "chiptune": 6,
    "chillout": 5,
    "lounge": 1
  },
  "The Hip-Hop Basin": {
    "hip hop": 37,
    "trap": 6,
    "boom bap": 8,
    "gangsta rap": 1,
    "r&b": 6,
    "soul": 27,
    "funk": 26,
    "disco": 43,
    "motown": 0,
    "neo soul": 0,
    "g-funk": 1,
    "lo-fi": 24
  },
  "The Jazz & Blues Delta": {
    "jazz": 150,
    "blues": 47,
    "swing": 11,
    "bebop": 1,
    "cool jazz": 3,
    "fusion": 17,
    "ragtime": 1,
    "hard bop": 4,
    "delta blues": 0,
    "chicago blues": 1,
    "soul jazz": 2,
    "bossa nova": 2
  },
  "The Pop Archipelago": {
    "pop": 284,
    "teen pop": 0,
    "dance-pop": 2,
    "europop": 6,
    "k-pop": 1,
    "j-pop": 14,
    "power pop": 16,
    "indie pop": 11,
    "dream pop": 3,
    "traditional pop": 1
  },
  "The Folk & Roots Plains": {
    "folk": 33,
    "country": 30,
    "bluegrass": 0,
    "americana": 0,
    "acoustic": 1,
    "singer-songwriter": 4,
    "celtic": 1,
    "flamenco": 1,
    "latin": 28,
    "gospel": 0
  },
  "The Tropical Pulse": {
    "afrobeats": 2,
    "reggae": 19,
    "ska": 3,
    "dub": 6,
    "rocksteady": 0,
    "dancehall": 0,
    "soca": 0,
    "reggaeton": 2,
    "calypso": 0,
    "zouk": 0,
    "merengue": 0,
    "bachata": 0
  },
  "The Metal Peaks": {
    "metal": 36,
    "heavy metal": 17,
    "black metal": 4,
    "death metal": 10,
    "thrash metal": 1,
    "doom metal": 2,
    "nu metal": 0,
    "sludge": 0,
    "gothic metal": 0,
    "power metal": 0,
    "metalcore": 5,
    "grindcore": 3
  },
  "The Avant-Garde Isles": {
    "classical": 77,
    "experimental": 73,
    "noise": 14,
    "avant-garde": 20,
    "modern classical": 2,
    "minimalism": 0,
    "drone": 4,
    "dark ambient": 7,
    "soundtrack": 11
  }
}