{
  "The Rock Shield": {
    "rock": 450,
    "punk": 121,
    "grunge": 2,
    "hard rock": 43,
    "alternative rock": 46,
    "psychedelic rock": 9,
    "progressive rock": 12,
    "indie": 56,
    "rock & roll": 47,
    "rockabilly": 21,
    "surf": 7,
    "garage rock": 19,
    "post-punk": 34,
    "new wave": 62,
    "britpop": 1,
    "shoegaze": 3,
    "emo": 6,
    "pop-punk": 8,
    "post-rock": 5,
    "stoner rock": 1,
    "hardcore": 15
  },
  "The Electronic Frontier": {
    "electronic": 289,
    "techno": 45,
    "house": 54,
    "trance": 7,
    "ambient": 58,
    "idm": 12,
    "drum and bass": 9,
    "jungle": 4,
    "dubstep": 6,
    "downtempo": 23,
    "synth-pop": 47,
    "electro": 31,
    "industrial": 23,
    "glitch": 0,
    "eurodance": 0,
    "hardstyle": 1,
    "synthwave": 4,
    "trip hop": 2,
    "breakbeat": 5,
    "vaporwave": 23,
    "chiptune": 5,
    "chillout": 6,
    "lounge": 1
  },
  "The Hip-Hop Basin": {
    "hip hop": 41,
    "trap": 6,
    "boom bap": 8,
    "gangsta rap": 1,
    "r&b": 8,
    "soul": 30,
    "funk": 25,
    "disco": 53,
    "motown": 0,
    "neo soul": 0,
    "g-funk": 1,
    "lo-fi": 24
  },
  "The Jazz & Blues Delta": {
    "jazz": 139,
    "blues": 39,
    "swing": 10,
    "bebop": 1,
    "cool jazz": 6,
    "fusion": 9,
    "ragtime": 1,
    "hard bop": 3,
    "delta blues": 0,
    "chicago blues": 3,
    "soul jazz": 5,
    "bossa nova": 4
  },
  "The Pop Archipelago": {
    "pop": 299,
    "teen pop": 0,
    "dance-pop": 2,
    "europop": 10,
    "k-pop": 1,
    "j-pop": 13,
    "power pop": 16,
    "indie pop": 10,
    "dream pop": 3,
    "traditional pop": 1
  },
  "The Folk & Roots Plains": {
    "folk": 33,
    "country": 24,
    "bluegrass": 1,
    "americana": 1,
    "acoustic": 0,
    "singer-songwriter": 4,
    "celtic": 1,
    "flamenco": 2,
    "latin": 25,
    "gospel": 2
  },
  "The Tropical Pulse": {
    "afrobeats": 1,
    "reggae": 28,
    "ska": 8,
    "dub": 13,
    "rocksteady": 4,
    "dancehall": 0,
    "soca": 0,
    "reggaeton": 2,
    "calypso": 1,
    "zouk": 0,
    "merengue": 0,
    "bachata": 0
  },
  "The Metal Peaks": {
    "metal": 38,
    "heavy metal": 18,
    "black metal": 4,
    "death metal": 10,
    "thrash metal": 1,
    "doom metal": 0,
    "nu metal": 0,
    "sludge": 0,
    "gothic metal": 0,
    "power metal": 0,
    "metalcore": 5,
    "grindcore": 3
  },
  "The Avant-Garde Isles": {
    "classical": 78,
    "experimental": 79,
    "noise": 16,
    "avant-garde": 18,
    "modern classical": 5,
    "minimalism": 0,
    "drone": 4,
    "dark ambient": 7,
    "soundtrack": 12
  }
}