{
  "The Rock Shield": {
    "rock": 461,
    "punk": 127,
    "grunge": 3,
    "hard rock": 42,
    "alternative rock": 33,
    "psychedelic rock": 9,
    "progressive rock": 12,
    "indie": 45,
    "rock & roll": 44,
    "rockabilly": 20,
    "surf": 7,
    "garage rock": 11,
    "post-punk": 39,
    "new wave": 70,
    "britpop": 0,
    "shoegaze": 6,
    "emo": 7,
    "pop-punk": 7,
    "post-rock": 5,
    "stoner rock": 1,
    "hardcore": 16
  },
  "The Electronic Frontier": {
    "electronic": 314,
    "techno": 55,
    "house": 54,
    "trance": 7,
    "ambient": 56,
    "idm": 13,
    "drum and bass": 8,
    "jungle": 4,
    "dubstep": 5,
    "downtempo": 26,
    "synth-pop": 75,
    "electro": 37,
    "industrial": 21,
    "glitch": 1,
    "eurodance": 0,
    "hardstyle": 1,
    "synthwave": 19,
    "trip hop": 2,
    "breakbeat": 5,
    "vaporwave": 23,
    "chiptune": 5,
    "chillout": 5,
    "lounge": 1
  },
  "The Hip-Hop Basin": {
    "hip hop": 43,
    "trap": 6,
    "boom bap": 9,
    "gangsta rap": 1,
    "r&b": 8,
    "soul": 30,
    "funk": 33,
    "disco": 57,
    "motown": 0,
    "neo soul": 0,
    "g-funk": 1,
    "lo-fi": 32
  },
  "The Jazz & Blues Delta": {
    "jazz": 149,
    "blues": 34,
    "swing": 9,
    "bebop": 1,
    "cool jazz": 3,
    "fusion": 11,
    "ragtime": 1,
    "hard bop": 2,
    "delta blues": 0,
    "chicago blues": 0,
    "soul jazz": 8,
    "bossa nova": 3
  },
  "The Pop Archipelago": {
    "pop": 325,
    "teen pop": 0,
    "dance-pop": 3,
    "europop": 9,
    "k-pop": 1,
    "j-pop": 13,
    "power pop": 11,
    "indie pop": 8,
    "dream pop": 6,
    "traditional pop": 1
  },
  "The Folk & Roots Plains": {
    "folk": 34,
    "country": 21,
    "bluegrass": 1,
    "americana": 0,
    "acoustic": 0,
    "singer-songwriter": 6,
    "celtic": 3,
    "flamenco": 1,
    "latin": 25,
    "gospel": 1
  },
  "The Tropical Pulse": {
    "afrobeats": 2,
    "reggae": 22,
    "ska": 8,
    "dub": 9,
    "rocksteady": 0,
    "dancehall": 0,
    "soca": 0,
    "reggaeton": 2,
    "calypso": 0,
    "zouk": 0,
    "merengue": 0,
    "bachata": 0
  },
  "The Metal Peaks": {
    "metal": 43,
    "heavy metal": 23,
    "black metal": 4,
    "death metal": 10,
    "thrash metal": 1,
    "doom metal": 1,
    "nu metal": 0,
    "sludge": 0,
    "gothic metal": 0,
    "power metal": 0,
    "metalcore": 5,
    "grindcore": 3
  },
  "The Avant-Garde Isles": {
    "classical": 76,
    "experimental": 87,
    "noise": 18,
    "avant-garde": 16,
    "modern classical": 4,
    "minimalism": 0,
    "drone": 3,
    "dark ambient": 7,
    "soundtrack": 9
  }
}