{
  "The Rock Shield": {
    "rock": 444,
    "punk": 130,
    "grunge": 3,
    "hard rock": 39,
    "alternative rock": 42,
    "psychedelic rock": 12,
    "progressive rock": 11,
    "indie": 47,
    "rock & roll": 40,
    "rockabilly": 23,
    "surf": 5,
    "garage rock": 11,
    "post-punk": 36,
    "new wave": 54,
    "britpop": 1,
    "shoegaze": 3,
    "emo": 6,
    "pop-punk": 8,
    "post-rock": 5,
    "stoner rock": 1,
    "hardcore": 17
  },
  "The Electronic Frontier": {
    "electronic": 291,
    "techno": 48,
    "house": 50,
    "trance": 6,
    "ambient": 57,
    "idm": 12,
    "drum and bass": 9,
    "jungle": 4,
    "dubstep": 5,
    "downtempo": 23,
    "synth-pop": 69,
    "electro": 38,
    "industrial": 21,
    "glitch": 0,
    "eurodance": 1,
    "hardstyle": 1,
    "synthwave": 12,
    "trip hop": 2,
    "breakbeat": 5,
    "vaporwave": 27,
    "chiptune": 5,
    "chillout": 6,
    "lounge": 1
  },
  "The Hip-Hop Basin": {
    "hip hop": 39,
    "trap": 6,
    "boom bap": 8,
    "gangsta rap": 1,
    "r&b": 5,
    "soul": 22,
    "funk": 34,
    "disco": 47,
    "motown": 0,
    "neo soul": 0,
    "g-funk": 1,
    "lo-fi": 25
  },
  "The Jazz & Blues Delta": {
    "jazz": 141,
    "blues": 31,
    "swing": 12,
    "bebop": 1,
    "cool jazz": 3,
    "fusion": 7,
    "ragtime": 0,
    "hard bop": 5,
    "delta blues": 0,
    "chicago blues": 0,
    "soul jazz": 3,
    "bossa nova": 2
  },
  "The Pop Archipelago": {
    "pop": 289,
    "teen pop": 1,
    "dance-pop": 2,
    "europop": 12,
    "k-pop": 1,
    "j-pop": 13,
    "power pop": 11,
    "indie pop": 11,
    "dream pop": 2,
    "traditional pop": 1
  },
  "The Folk & Roots Plains": {
    "folk": 29,
    "country": 17,
    "bluegrass": 0,
    "americana": 0,
    "acoustic": 0,
    "singer-songwriter": 3,
    "celtic": 1,
    "flamenco": 1,
    "latin": 26,
    "gospel": 0
  },
  "The Tropical Pulse": {
    "afrobeats": 2,
    "reggae": 15,
    "ska": 5,
    "dub": 8,
    "rocksteady": 0,
    "dancehall": 0,
    "soca": 1,
    "reggaeton": 2,
    "calypso": 1,
    "zouk": 0,
    "merengue": 0,
    "bachata": 0
  },
  "The Metal Peaks": {
    "metal": 45,
    "heavy metal": 24,
    "black metal": 4,
    "death metal": 10,
    "thrash metal": 1,
    "doom metal": 1,
    "nu metal": 0,
    "sludge": 0,
    "gothic metal": 0,
    "power metal": 0,
    "metalcore": 5,
    "grindcore": 3
  },
  "The Avant-Garde Isles": {
    "classical": 72,
    "experimental": 86,
    "noise": 20,
    "avant-garde": 19,
    "modern classical": 4,
    "minimalism": 0,
    "drone": 5,
    "dark ambient": 6,
    "soundtrack": 8
  }
}