{
  "The Rock Shield": {
    "rock": 441,
    "punk": 117,
    "grunge": 2,
    "hard rock": 32,
    "alternative rock": 35,
    "psychedelic rock": 5,
    "progressive rock": 16,
    "indie": 46,
    "rock & roll": 38,
    "rockabilly": 19,
    "surf": 5,
    "garage rock": 15,
    "post-punk": 25,
    "new wave": 67,
    "britpop": 0,
    "shoegaze": 3,
    "emo": 6,
    "pop-punk": 8,
    "post-rock": 5,
    "stoner rock": 1,
    "hardcore": 21
  },
  "The Electronic Frontier": {
    "electronic": 303,
    "techno": 43,
    "house": 45,
    "trance": 6,
    "ambient": 54,
    "idm": 12,
    "drum and bass": 8,
    "jungle": 4,
    "dubstep": 5,
    "downtempo": 22,
    "synth-pop": 76,
    "electro": 41,
    "industrial": 25,
    "glitch": 0,
    "eurodance": 0,
    "hardstyle": 1,
    "synthwave": 12,
    "trip hop": 3,
    "breakbeat": 6,
    "vaporwave": 27,
    "chiptune": 5,
    "chillout": 5,
    "lounge": 1
  },
  "The Hip-Hop Basin": {
    "hip hop": 50,
    "trap": 6,
    "boom bap": 11,
    "gangsta rap": 1,
    "r&b": 5,
    "soul": 18,
    "funk": 33,
    "disco": 47,
    "motown": 1,
    "neo soul": 0,
    "g-funk": 1,
    "lo-fi": 26
  },
  "The Jazz & Blues Delta": {
    "jazz": 134,
    "blues": 26,
    "swing": 9,
    "bebop": 1,
    "cool jazz": 2,
    "fusion": 14,
    "ragtime": 0,
    "hard bop": 2,
    "delta blues": 1,
    "chicago blues": 0,
    "soul jazz": 3,
    "bossa nova": 1
  },
  "The Pop Archipelago": {
    "pop": 309,
    "teen pop": 0,
    "dance-pop": 4,
    "europop": 12,
    "k-pop": 1,
    "j-pop": 12,
    "power pop": 10,
    "indie pop": 8,
    "dream pop": 1,
    "traditional pop": 1
  },
  "The Folk & Roots Plains": {
    "folk": 36,
    "country": 16,
    "bluegrass": 1,
    "americana": 0,
    "acoustic": 0,
    "singer-songwriter": 3,
    "celtic": 2,
    "flamenco": 1,
    "latin": 24,
    "gospel": 0
  },
  "The Tropical Pulse": {
    "afrobeats": 2,
    "reggae": 17,
    "ska": 4,
    "dub": 8,
    "rocksteady": 0,
    "dancehall": 1,
    "soca": 0,
    "reggaeton": 2,
    "calypso": 1,
    "zouk": 0,
    "merengue": 0,
    "bachata": 0
  },
  "The Metal Peaks": {
    "metal": 48,
    "heavy metal": 24,
    "black metal": 4,
    "death metal": 10,
    "thrash metal": 2,
    "doom metal": 1,
    "nu metal": 0,
    "sludge": 0,
    "gothic metal": 0,
    "power metal": 2,
    "metalcore": 5,
    "grindcore": 3
  },
  "The Avant-Garde Isles": {
    "classical": 77,
    "experimental": 88,
    "noise": 21,
    "avant-garde": 12,
    "modern classical": 3,
    "minimalism": 0,
    "drone": 5,
    "dark ambient": 7,
    "soundtrack": 11
  }
}