{
  "The Rock Shield": {
    "rock": 434,
    "punk": 109,
    "grunge": 2,
    "hard rock": 35,
    "alternative rock": 42,
    "psychedelic rock": 6,
    "progressive rock": 10,
    "indie": 43,
    "rock & roll": 35,
    "rockabilly": 19,
    "surf": 7,
    "garage rock": 13,
    "post-punk": 29,
    "new wave": 63,
    "britpop": 1,
    "shoegaze": 3,
    "emo": 7,
    "pop-punk": 6,
    "post-rock": 4,
    "stoner rock": 1,
    "hardcore": 26
  },
  "The Electronic Frontier": {
    "electronic": 307,
    "techno": 46,
    "house": 50,
    "trance": 6,
    "ambient": 50,
    "idm": 12,
    "drum and bass": 8,
    "jungle": 4,
    "dubstep": 5,
    "downtempo": 24,
    "synth-pop": 72,
    "electro": 38,
    "industrial": 25,
    "glitch": 0,
    "eurodance": 0,
    "hardstyle": 1,
    "synthwave": 8,
    "trip hop": 2,
    "breakbeat": 5,
    "vaporwave": 26,
    "chiptune": 5,
    "chillout": 5,
    "lounge": 2
  },
  "The Hip-Hop Basin": {
    "hip hop": 47,
    "trap": 6,
    "boom bap": 8,
    "gangsta rap": 1,
    "r&b": 9,
    "soul": 27,
    "funk": 29,
    "disco": 39,
    "motown": 0,
    "neo soul": 1,
    "g-funk": 1,
    "lo-fi": 25
  },
  "The Jazz & Blues Delta": {
    "jazz": 123,
    "blues": 24,
    "swing": 12,
    "bebop": 1,
    "cool jazz": 2,
    "fusion": 10,
    "ragtime": 0,
    "hard bop": 2,
    "delta blues": 0,
    "chicago blues": 0,
    "soul jazz": 3,
    "bossa nova": 1
  },
  "The Pop Archipelago": {
    "pop": 296,
    "teen pop": 0,
    "dance-pop": 6,
    "europop": 12,
    "k-pop": 1,
    "j-pop": 12,
    "power pop": 7,
    "indie pop": 7,
    "dream pop": 1,
    "traditional pop": 1
  },
  "The Folk & Roots Plains": {
    "folk": 35,
    "country": 19,
    "bluegrass": 12,
    "americana": 0,
    "acoustic": 0,
    "singer-songwriter": 2,
    "celtic": 1,
    "flamenco": 2,
    "latin": 24,
    "gospel": 6
  },
  "The Tropical Pulse": {
    "afrobeats": 1,
    "reggae": 21,
    "ska": 5,
    "dub": 7,
    "rocksteady": 0,
    "dancehall": 0,
    "soca": 0,
    "reggaeton": 2,
    "calypso": 0,
    "zouk": 0,
    "merengue": 0,
    "bachata": 0
  },
  "The Metal Peaks": {
    "metal": 60,
    "heavy metal": 37,
    "black metal": 6,
    "death metal": 10,
    "thrash metal": 4,
    "doom metal": 0,
    "nu metal": 0,
    "sludge": 0,
    "gothic metal": 0,
    "power metal": 1,
    "metalcore": 5,
    "grindcore": 3
  },
  "The Avant-Garde Isles": {
    "classical": 76,
    "experimental": 88,
    "noise": 19,
    "avant-garde": 20,
    "modern classical": 4,
    "minimalism": 0,
    "drone": 3,
    "dark ambient": 7,
    "soundtrack": 10
  }
}