{
  "The Rock Shield": {
    "rock": 446,
    "punk": 120,
    "grunge": 4,
    "hard rock": 34,
    "alternative rock": 41,
    "psychedelic rock": 11,
    "progressive rock": 16,
    "indie": 47,
    "rock & roll": 40,
    "rockabilly": 19,
    "surf": 6,
    "garage rock": 15,
    "post-punk": 27,
    "new wave": 52,
    "britpop": 2,
    "shoegaze": 5,
    "emo": 7,
    "pop-punk": 6,
    "post-rock": 5,
    "stoner rock": 1,
    "hardcore": 19
  },
  "The Electronic Frontier": {
    "electronic": 347,
    "techno": 49,
    "house": 50,
    "trance": 8,
    "ambient": 57,
    "idm": 15,
    "drum and bass": 10,
    "jungle": 5,
    "dubstep": 7,
    "downtempo": 23,
    "synth-pop": 87,
    "electro": 42,
    "industrial": 23,
    "glitch": 1,
    "eurodance": 1,
    "hardstyle": 1,
    "synthwave": 35,
    "trip hop": 2,
    "breakbeat": 5,
    "vaporwave": 31,
    "chiptune": 8,
    "chillout": 5,
    "lounge": 1
  },
  "The Hip-Hop Basin": {
    "hip hop": 41,
    "trap": 6,
    "boom bap": 9,
    "gangsta rap": 1,
    "r&b": 8,
    "soul": 19,
    "funk": 26,
    "disco": 42,
    "motown": 0,
    "neo soul": 0,
    "g-funk": 1,
    "lo-fi": 24
  },
  "The Jazz & Blues Delta": {
    "jazz": 123,
    "blues": 26,
    "swing": 9,
    "bebop": 1,
    "cool jazz": 2,
    "fusion": 7,
    "ragtime": 0,
    "hard bop": 2,
    "delta blues": 0,
    "chicago blues": 0,
    "soul jazz": 4,
    "bossa nova": 1
  },
  "The Pop Archipelago": {
    "pop": 295,
    "teen pop": 0,
    "dance-pop": 4,
    "europop": 13,
    "k-pop": 1,
    "j-pop": 12,
    "power pop": 8,
    "indie pop": 9,
    "dream pop": 3,
    "traditional pop": 1
  },
  "The Folk & Roots Plains": {
    "folk": 29,
    "country": 18,
    "bluegrass": 0,
    "americana": 0,
    "acoustic": 0,
    "singer-songwriter": 3,
    "celtic": 3,
    "flamenco": 1,
    "latin": 26,
    "gospel": 1
  },
  "The Tropical Pulse": {
    "afrobeats": 2,
    "reggae": 17,
    "ska": 6,
    "dub": 5,
    "rocksteady": 0,
    "dancehall": 1,
    "soca": 0,
    "reggaeton": 2,
    "calypso": 0,
    "zouk": 0,
    "merengue": 0,
    "bachata": 0
  },
  "The Metal Peaks": {
    "metal": 63,
    "heavy metal": 29,
    "black metal": 7,
    "death metal": 13,
    "thrash metal": 5,
    "doom metal": 3,
    "nu metal": 0,
    "sludge": 1,
    "gothic metal": 0,
    "power metal": 2,
    "metalcore": 5,
    "grindcore": 5
  },
  "The Avant-Garde Isles": {
    "classical": 86,
    "experimental": 74,
    "noise": 15,
    "avant-garde": 17,
    "modern classical": 8,
    "minimalism": 0,
    "drone": 7,
    "dark ambient": 7,
    "soundtrack": 18
  }
}