{
  "The Rock Shield": {
    "rock": 406,
    "punk": 91,
    "grunge": 4,
    "hard rock": 26,
    "alternative rock": 42,
    "psychedelic rock": 5,
    "progressive rock": 10,
    "indie": 47,
    "rock & roll": 39,
    "rockabilly": 21,
    "surf": 5,
    "garage rock": 11,
    "post-punk": 19,
    "new wave": 49,
    "britpop": 1,
    "shoegaze": 5,
    "emo": 6,
    "pop-punk": 7,
    "post-rock": 9,
    "stoner rock": 1,
    "hardcore": 19
  },
  "The Electronic Frontier": {
    "electronic": 306,
    "techno": 44,
    "house": 50,
    "trance": 7,
    "ambient": 52,
    "idm": 14,
    "drum and bass": 9,
    "jungle": 4,
    "dubstep": 5,
    "downtempo": 25,
    "synth-pop": 72,
    "electro": 38,
    "industrial": 25,
    "glitch": 0,
    "eurodance": 0,
    "hardstyle": 1,
    "synthwave": 12,
    "trip hop": 2,
    "breakbeat": 5,
    "vaporwave": 30,
    "chiptune": 5,
    "chillout": 6,
    "lounge": 1
  },
  "The Hip-Hop Basin": {
    "hip hop": 43,
    "trap": 6,
    "boom bap": 8,
    "gangsta rap": 1,
    "r&b": 7,
    "soul": 20,
    "funk": 18,
    "disco": 31,
    "motown": 0,
    "neo soul": 0,
    "g-funk": 1,
    "lo-fi": 28
  },
  "The Jazz & Blues Delta": {
    "jazz": 124,
    "blues": 29,
    "swing": 10,
    "bebop": 1,
    "cool jazz": 2,
    "fusion": 7,
    "ragtime": 0,
    "hard bop": 3,
    "delta blues": 0,
    "chicago blues": 0,
    "soul jazz": 5,
    "bossa nova": 1
  },
  "The Pop Archipelago": {
    "pop": 287,
    "teen pop": 0,
    "dance-pop": 3,
    "europop": 9,
    "k-pop": 1,
    "j-pop": 12,
    "power pop": 10,
    "indie pop": 9,
    "dream pop": 1,
    "traditional pop": 1
  },
  "The Folk & Roots Plains": {
    "folk": 29,
    "country": 17,
    "bluegrass": 1,
    "americana": 2,
    "acoustic": 0,
    "singer-songwriter": 3,
    "celtic": 1,
    "flamenco": 1,
    "latin": 24,
    "gospel": 0
  },
  "The Tropical Pulse": {
    "afrobeats": 1,
    "reggae": 12,
    "ska": 3,
    "dub": 2,
    "rocksteady": 0,
    "dancehall": 1,
    "soca": 0,
    "reggaeton": 2,
    "calypso": 0,
    "zouk": 0,
    "merengue": 0,
    "bachata": 0
  },
  "The Metal Peaks": {
    "metal": 56,
    "heavy metal": 25,
    "black metal": 5,
    "death metal": 13,
    "thrash metal": 7,
    "doom metal": 4,
    "nu metal": 0,
    "sludge": 0,
    "gothic metal": 0,
    "power metal": 1,
    "metalcore": 5,
    "grindcore": 4
  },
  "The Avant-Garde Isles": {
    "classical": 75,
    "experimental": 74,
    "noise": 21,
    "avant-garde": 10,
    "modern classical": 3,
    "minimalism": 0,
    "drone": 5,
    "dark ambient": 6,
    "soundtrack": 7
  }
}