{
  "The Rock Shield": {
    "rock": 395,
    "punk": 90,
    "grunge": 2,
    "hard rock": 33,
    "alternative rock": 45,
    "psychedelic rock": 3,
    "progressive rock": 6,
    "indie": 49,
    "rock & roll": 29,
    "rockabilly": 19,
    "surf": 5,
    "garage rock": 11,
    "post-punk": 21,
    "new wave": 44,
    "britpop": 0,
    "shoegaze": 3,
    "emo": 7,
    "pop-punk": 6,
    "post-rock": 4,
    "stoner rock": 1,
    "hardcore": 22
  },
  "The Electronic Frontier": {
    "electronic": 309,
    "techno": 45,
    "house": 50,
    "trance": 6,
    "ambient": 59,
    "idm": 12,
    "drum and bass": 8,
    "jungle": 4,
    "dubstep": 5,
    "downtempo": 24,
    "synth-pop": 74,
    "electro": 36,
    "industrial": 25,
    "glitch": 0,
    "eurodance": 0,
    "hardstyle": 1,
    "synthwave": 13,
    "trip hop": 2,
    "breakbeat": 5,
    "vaporwave": 30,
    "chiptune": 5,
    "chillout": 5,
    "lounge": 1
  },
  "The Hip-Hop Basin": {
    "hip hop": 46,
    "trap": 6,
    "boom bap": 9,
    "gangsta rap": 1,
    "r&b": 7,
    "soul": 18,
    "funk": 29,
    "disco": 28,
    "motown": 0,
    "neo soul": 1,
    "g-funk": 1,
    "lo-fi": 25
  },
  "The Jazz & Blues Delta": {
    "jazz": 118,
    "blues": 29,
    "swing": 11,
    "bebop": 1,
    "cool jazz": 3,
    "fusion": 10,
    "ragtime": 0,
    "hard bop": 2,
    "delta blues": 0,
    "chicago blues": 2,
    "soul jazz": 3,
    "bossa nova": 1
  },
  "The Pop Archipelago": {
    "pop": 291,
    "teen pop": 0,
    "dance-pop": 4,
    "europop": 7,
    "k-pop": 1,
    "j-pop": 14,
    "power pop": 7,
    "indie pop": 8,
    "dream pop": 1,
    "traditional pop": 1
  },
  "The Folk & Roots Plains": {
    "folk": 31,
    "country": 14,
    "bluegrass": 1,
    "americana": 1,
    "acoustic": 1,
    "singer-songwriter": 2,
    "celtic": 2,
    "flamenco": 1,
    "latin": 25,
    "gospel": 0
  },
  "The Tropical Pulse": {
    "afrobeats": 2,
    "reggae": 12,
    "ska": 3,
    "dub": 2,
    "rocksteady": 0,
    "dancehall": 1,
    "soca": 0,
    "reggaeton": 2,
    "calypso": 0,
    "zouk": 0,
    "merengue": 0,
    "bachata": 0
  },
  "The Metal Peaks": {
    "metal": 59,
    "heavy metal": 29,
    "black metal": 5,
    "death metal": 15,
    "thrash metal": 9,
    "doom metal": 2,
    "nu metal": 0,
    "sludge": 0,
    "gothic metal": 0,
    "power metal": 0,
    "metalcore": 5,
    "grindcore": 3
  },
  "The Avant-Garde Isles": {
    "classical": 68,
    "experimental": 75,
    "noise": 20,
    "avant-garde": 10,
    "modern classical": 7,
    "minimalism": 0,
    "drone": 8,
    "dark ambient": 7,
    "soundtrack": 12
  }
}