{
  "The Rock Shield": {
    "rock": 431,
    "punk": 87,
    "grunge": 3,
    "hard rock": 37,
    "alternative rock": 46,
    "psychedelic rock": 9,
    "progressive rock": 10,
    "indie": 53,
    "rock & roll": 35,
    "rockabilly": 19,
    "surf": 6,
    "garage rock": 12,
    "post-punk": 19,
    "new wave": 38,
    "britpop": 0,
    "shoegaze": 4,
    "emo": 6,
    "pop-punk": 7,
    "post-rock": 5,
    "stoner rock": 1,
    "hardcore": 23
  },
  "The Electronic Frontier": {
    "electronic": 304,
    "techno": 48,
    "house": 56,
    "trance": 9,
    "ambient": 59,
    "idm": 12,
    "drum and bass": 8,
    "jungle": 4,
    "dubstep": 5,
    "downtempo": 27,
    "synth-pop": 71,
    "electro": 35,
    "industrial": 21,
    "glitch": 0,
    "eurodance": 0,
    "hardstyle": 1,
    "synthwave": 12,
    "trip hop": 4,
    "breakbeat": 7,
    "vaporwave": 29,
    "chiptune": 5,
    "chillout": 6,
    "lounge": 1
  },
  "The Hip-Hop Basin": {
    "hip hop": 49,
    "trap": 6,
    "boom bap": 8,
    "gangsta rap": 2,
    "r&b": 6,
    "soul": 20,
    "funk": 25,
    "disco": 35,
    "motown": 0,
    "neo soul": 0,
    "g-funk": 1,
    "lo-fi": 27
  },
  "The Jazz & Blues Delta": {
    "jazz": 119,
    "blues": 32,
    "swing": 11,
    "bebop": 1,
    "cool jazz": 2,
    "fusion": 10,
    "ragtime": 1,
    "hard bop": 2,
    "delta blues": 0,
    "chicago blues": 1,
    "soul jazz": 3,
    "bossa nova": 1
  },
  "The Pop Archipelago": {
    "pop": 297,
    "teen pop": 0,
    "dance-pop": 6,
    "europop": 6,
    "k-pop": 1,
    "j-pop": 13,
    "power pop": 9,
    "indie pop": 10,
    "dream pop": 2,
    "traditional pop": 1
  },
  "The Folk & Roots Plains": {
    "folk": 26,
    "country": 18,
    "bluegrass": 1,
    "americana": 0,
    "acoustic": 1,
    "singer-songwriter": 4,
    "celtic": 1,
    "flamenco": 2,
    "latin": 22,
    "gospel": 1
  },
  "The Tropical Pulse": {
    "afrobeats": 1,
    "reggae": 13,
    "ska": 5,
    "dub": 1,
    "rocksteady": 1,
    "dancehall": 0,
    "soca": 0,
    "reggaeton": 2,
    "calypso": 0,
    "zouk": 0,
    "merengue": 0,
    "bachata": 0
  },
  "The Metal Peaks": {
    "metal": 80,
    "heavy metal": 44,
    "black metal": 8,
    "death metal": 20,
    "thrash metal": 10,
    "doom metal": 7,
    "nu metal": 0,
    "sludge": 0,
    "gothic metal": 0,
    "power metal": 0,
    "metalcore": 5,
    "grindcore": 7
  },
  "The Avant-Garde Isles": {
    "classical": 81,
    "experimental": 71,
    "noise": 19,
    "avant-garde": 12,
    "modern classical": 6,
    "minimalism": 1,
    "drone": 4,
    "dark ambient": 6,
    "soundtrack": 12
  }
}