{
  "The Rock Shield": {
    "rock": 432,
    "punk": 85,
    "grunge": 6,
    "hard rock": 44,
    "alternative rock": 47,
    "psychedelic rock": 6,
    "progressive rock": 5,
    "indie": 64,
    "rock & roll": 36,
    "rockabilly": 17,
    "surf": 6,
    "garage rock": 12,
    "post-punk": 16,
    "new wave": 31,
    "britpop": 0,
    "shoegaze": 3,
    "emo": 6,
    "pop-punk": 6,
    "post-rock": 5,
    "stoner rock": 1,
    "hardcore": 24
  },
  "The Electronic Frontier": {
    "electronic": 285,
    "techno": 46,
    "house": 55,
    "trance": 6,
    "ambient": 54,
    "idm": 12,
    "drum and bass": 8,
    "jungle": 4,
    "dubstep": 7,
    "downtempo": 27,
    "synth-pop": 68,
    "electro": 30,
    "industrial": 21,
    "glitch": 0,
    "eurodance": 0,
    "hardstyle": 1,
    "synthwave": 6,
    "trip hop": 2,
    "breakbeat": 5,
    "vaporwave": 29,
    "chiptune": 5,
    "chillout": 5,
    "lounge": 1
  },
  "The Hip-Hop Basin": {
    "hip hop": 52,
    "trap": 7,
    "boom bap": 8,
    "gangsta rap": 2,
    "r&b": 6,
    "soul": 17,
    "funk": 31,
    "disco": 33,
    "motown": 1,
    "neo soul": 0,
    "g-funk": 1,
    "lo-fi": 25
  },
  "The Jazz & Blues Delta": {
    "jazz": 116,
    "blues": 30,
    "swing": 10,
    "bebop": 1,
    "cool jazz": 2,
    "fusion": 11,
    "ragtime": 0,
    "hard bop": 4,
    "delta blues": 0,
    "chicago blues": 0,
    "soul jazz": 3,
    "bossa nova": 3
  },
  "The Pop Archipelago": {
    "pop": 298,
    "teen pop": 0,
    "dance-pop": 3,
    "europop": 11,
    "k-pop": 1,
    "j-pop": 12,
    "power pop": 8,
    "indie pop": 9,
    "dream pop": 1,
    "traditional pop": 1
  },
  "The Folk & Roots Plains": {
    "folk": 29,
    "country": 18,
    "bluegrass": 0,
    "americana": 0,
    "acoustic": 1,
    "singer-songwriter": 3,
    "celtic": 1,
    "flamenco": 2,
    "latin": 26,
    "gospel": 0
  },
  "The Tropical Pulse": {
    "afrobeats": 1,
    "reggae": 10,
    "ska": 5,
    "dub": 2,
    "rocksteady": 0,
    "dancehall": 0,
    "soca": 0,
    "reggaeton": 2,
    "calypso": 0,
    "zouk": 0,
    "merengue": 1,
    "bachata": 1
  },
  "The Metal Peaks": {
    "metal": 75,
    "heavy metal": 45,
    "black metal": 7,
    "death metal": 19,
    "thrash metal": 12,
    "doom metal": 4,
    "nu metal": 0,
    "sludge": 0,
    "gothic metal": 0,
    "power metal": 2,
    "metalcore": 5,
    "grindcore": 4
  },
  "The Avant-Garde Isles": {
    "classical": 71,
    "experimental": 80,
    "noise": 21,
    "avant-garde": 15,
    "modern classical": 2,
    "minimalism": 0,
    "drone": 6,
    "dark ambient": 8,
    "soundtrack": 9
  }
}