{
  "The Rock Shield": {
    "rock": 464,
    "punk": 97,
    "grunge": 9,
    "hard rock": 34,
    "alternative rock": 58,
    "psychedelic rock": 16,
    "progressive rock": 6,
    "indie": 75,
    "rock & roll": 35,
    "rockabilly": 17,
    "surf": 7,
    "garage rock": 10,
    "post-punk": 16,
    "new wave": 46,
    "britpop": 2,
    "shoegaze": 4,
    "emo": 8,
    "pop-punk": 8,
    "post-rock": 4,
    "stoner rock": 1,
    "hardcore": 32
  },
  "The Electronic Frontier": {
    "electronic": 307,
    "techno": 50,
    "house": 64,
    "trance": 10,
    "ambient": 51,
    "idm": 13,
    "drum and bass": 8,
    "jungle": 4,
    "dubstep": 5,
    "downtempo": 23,
    "synth-pop": 64,
    "electro": 33,
    "industrial": 25,
    "glitch": 2,
    "eurodance": 0,
    "hardstyle": 1,
    "synthwave": 10,
    "trip hop": 2,
    "breakbeat": 5,
    "vaporwave": 26,
    "chiptune": 6,
    "chillout": 5,
    "lounge": 1
  },
  "The Hip-Hop Basin": {
    "hip hop": 52,
    "trap": 7,
    "boom bap": 8,
    "gangsta rap": 3,
    "r&b": 5,
    "soul": 13,
    "funk": 22,
    "disco": 29,
    "motown": 0,
    "neo soul": 0,
    "g-funk": 1,
    "lo-fi": 25
  },
  "The Jazz & Blues Delta": {
    "jazz": 125,
    "blues": 32,
    "swing": 10,
    "bebop": 1,
    "cool jazz": 3,
    "fusion": 10,
    "ragtime": 0,
    "hard bop": 2,
    "delta blues": 0,
    "chicago blues": 1,
    "soul jazz": 2,
    "bossa nova": 1
  },
  "The Pop Archipelago": {
    "pop": 304,
    "teen pop": 1,
    "dance-pop": 4,
    "europop": 13,
    "k-pop": 1,
    "j-pop": 13,
    "power pop": 7,
    "indie pop": 9,
    "dream pop": 3,
    "traditional pop": 2
  },
  "The Folk & Roots Plains": {
    "folk": 29,
    "country": 20,
    "bluegrass": 0,
    "americana": 1,
    "acoustic": 1,
    "singer-songwriter": 3,
    "celtic": 2,
    "flamenco": 2,
    "latin": 25,
    "gospel": 1
  },
  "The Tropical Pulse": {
    "afrobeats": 1,
    "reggae": 12,
    "ska": 7,
    "dub": 5,
    "rocksteady": 0,
    "dancehall": 0,
    "soca": 0,
    "reggaeton": 2,
    "calypso": 0,
    "zouk": 0,
    "merengue": 0,
    "bachata": 0
  },
  "The Metal Peaks": {
    "metal": 78,
    "heavy metal": 39,
    "black metal": 6,
    "death metal": 20,
    "thrash metal": 11,
    "doom metal": 4,
    "nu metal": 0,
    "sludge": 1,
    "gothic metal": 0,
    "power metal": 2,
    "metalcore": 5,
    "grindcore": 8
  },
  "The Avant-Garde Isles": {
    "classical": 74,
    "experimental": 77,
    "noise": 28,
    "avant-garde": 11,
    "modern classical": 2,
    "minimalism": 0,
    "drone": 4,
    "dark ambient": 7,
    "soundtrack": 18
  }
}