{
  "The Rock Shield": {
    "rock": 438,
    "punk": 79,
    "grunge": 9,
    "hard rock": 44,
    "alternative rock": 56,
    "psychedelic rock": 12,
    "progressive rock": 7,
    "indie": 58,
    "rock & roll": 39,
    "rockabilly": 18,
    "surf": 6,
    "garage rock": 10,
    "post-punk": 14,
    "new wave": 26,
    "britpop": 1,
    "shoegaze": 5,
    "emo": 8,
    "pop-punk": 9,
    "post-rock": 5,
    "stoner rock": 3,
    "hardcore": 28
  },
  "The Electronic Frontier": {
    "electronic": 317,
    "techno": 58,
    "house": 93,
    "trance": 9,
    "ambient": 56,
    "idm": 12,
    "drum and bass": 10,
    "jungle": 5,
    "dubstep": 7,
    "downtempo": 29,
    "synth-pop": 60,
    "electro": 32,
    "industrial": 23,
    "glitch": 2,
    "eurodance": 1,
    "hardstyle": 1,
    "synthwave": 5,
    "trip hop": 3,
    "breakbeat": 7,
    "vaporwave": 24,
    "chiptune": 5,
    "chillout": 5,
    "lounge": 2
  },
  "The Hip-Hop Basin": {
    "hip hop": 66,
    "trap": 7,
    "boom bap": 8,
    "gangsta rap": 3,
    "r&b": 13,
    "soul": 21,
    "funk": 22,
    "disco": 24,
    "motown": 0,
    "neo soul": 2,
    "g-funk": 1,
    "lo-fi": 24
  },
  "The Jazz & Blues Delta": {
    "jazz": 109,
    "blues": 39,
    "swing": 14,
    "bebop": 1,
    "cool jazz": 2,
    "fusion": 8,
    "ragtime": 0,
    "hard bop": 2,
    "delta blues": 0,
    "chicago blues": 1,
    "soul jazz": 2,
    "bossa nova": 1
  },
  "The Pop Archipelago": {
    "pop": 294,
    "teen pop": 0,
    "dance-pop": 9,
    "europop": 18,
    "k-pop": 1,
    "j-pop": 12,
    "power pop": 8,
    "indie pop": 7,
    "dream pop": 1,
    "traditional pop": 1
  },
  "The Folk & Roots Plains": {
    "folk": 34,
    "country": 23,
    "bluegrass": 1,
    "americana": 0,
    "acoustic": 1,
    "singer-songwriter": 2,
    "celtic": 1,
    "flamenco": 2,
    "latin": 27,
    "gospel": 1
  },
  "The Tropical Pulse": {
    "afrobeats": 1,
    "reggae": 11,
    "ska": 2,
    "dub": 4,
    "rocksteady": 0,
    "dancehall": 1,
    "soca": 0,
    "reggaeton": 2,
    "calypso": 0,
    "zouk": 0,
    "merengue": 0,
    "bachata": 0
  },
  "The Metal Peaks": {
    "metal": 87,
    "heavy metal": 40,
    "black metal": 12,
    "death metal": 23,
    "thrash metal": 10,
    "doom metal": 5,
    "nu metal": 0,
    "sludge": 0,
    "gothic metal": 0,
    "power metal": 0,
    "metalcore": 5,
    "grindcore": 4
  },
  "The Avant-Garde Isles": {
    "classical": 73,
    "experimental": 68,
    "noise": 18,
    "avant-garde": 10,
    "modern classical": 4,
    "minimalism": 0,
    "drone": 5,
    "dark ambient": 8,
    "soundtrack": 10
  }
}