{
  "The Rock Shield": {
    "rock": 487,
    "punk": 105,
    "grunge": 14,
    "hard rock": 55,
    "alternative rock": 84,
    "psychedelic rock": 14,
    "progressive rock": 14,
    "indie": 76,
    "rock & roll": 33,
    "rockabilly": 16,
    "surf": 5,
    "garage rock": 13,
    "post-punk": 14,
    "new wave": 31,
    "britpop": 0,
    "shoegaze": 7,
    "emo": 7,
    "pop-punk": 9,
    "post-rock": 6,
    "stoner rock": 2,
    "hardcore": 31
  },
  "The Electronic Frontier": {
    "electronic": 326,
    "techno": 60,
    "house": 85,
    "trance": 9,
    "ambient": 61,
    "idm": 12,
    "drum and bass": 8,
    "jungle": 5,
    "dubstep": 7,
    "downtempo": 28,
    "synth-pop": 60,
    "electro": 36,
    "industrial": 17,
    "glitch": 0,
    "eurodance": 0,
    "hardstyle": 1,
    "synthwave": 7,
    "trip hop": 3,
    "breakbeat": 12,
    "vaporwave": 26,
    "chiptune": 6,
    "chillout": 5,
    "lounge": 1
  },
  "The Hip-Hop Basin": {
    "hip hop": 71,
    "trap": 6,
    "boom bap": 9,
    "gangsta rap": 2,
    "r&b": 7,
    "soul": 15,
    "funk": 30,
    "disco": 24,
    "motown": 0,
    "neo soul": 0,
    "g-funk": 2,
    "lo-fi": 26
  },
  "The Jazz & Blues Delta": {
    "jazz": 123,
    "blues": 28,
    "swing": 9,
    "bebop": 1,
    "cool jazz": 2,
    "fusion": 9,
    "ragtime": 0,
    "hard bop": 2,
    "delta blues": 0,
    "chicago blues": 0,
    "soul jazz": 3,
    "bossa nova": 1
  },
  "The Pop Archipelago": {
    "pop": 321,
    "teen pop": 0,
    "dance-pop": 9,
    "europop": 14,
    "k-pop": 1,
    "j-pop": 13,
    "power pop": 9,
    "indie pop": 10,
    "dream pop": 2,
    "traditional pop": 1
  },
  "The Folk & Roots Plains": {
    "folk": 27,
    "country": 20,
    "bluegrass": 0,
    "americana": 0,
    "acoustic": 2,
    "singer-songwriter": 7,
    "celtic": 2,
    "flamenco": 2,
    "latin": 30,
    "gospel": 0
  },
  "The Tropical Pulse": {
    "afrobeats": 1,
    "reggae": 15,
    "ska": 9,
    "dub": 4,
    "rocksteady": 0,
    "dancehall": 1,
    "soca": 0,
    "reggaeton": 2,
    "calypso": 0,
    "zouk": 0,
    "merengue": 0,
    "bachata": 0
  },
  "The Metal Peaks": {
    "metal": 106,
    "heavy metal": 49,
    "black metal": 13,
    "death metal": 33,
    "thrash metal": 11,
    "doom metal": 2,
    "nu metal": 0,
    "sludge": 1,
    "gothic metal": 1,
    "power metal": 3,
    "metalcore": 5,
    "grindcore": 6
  },
  "The Avant-Garde Isles": {
    "classical": 92,
    "experimental": 87,
    "noise": 21,
    "avant-garde": 18,
    "modern classical": 3,
    "minimalism": 0,
    "drone": 5,
    "dark ambient": 6,
    "soundtrack": 13
  }
}