{
  "The Rock Shield": {
    "rock": 469,
    "punk": 91,
    "grunge": 23,
    "hard rock": 55,
    "alternative rock": 76,
    "psychedelic rock": 8,
    "progressive rock": 6,
    "indie": 74,
    "rock & roll": 34,
    "rockabilly": 17,
    "surf": 5,
    "garage rock": 14,
    "post-punk": 15,
    "new wave": 35,
    "britpop": 1,
    "shoegaze": 8,
    "emo": 7,
    "pop-punk": 11,
    "post-rock": 4,
    "stoner rock": 3,
    "hardcore": 27
  },
  "The Electronic Frontier": {
    "electronic": 320,
    "techno": 71,
    "house": 77,
    "trance": 10,
    "ambient": 64,
    "idm": 15,
    "drum and bass": 10,
    "jungle": 6,
    "dubstep": 6,
    "downtempo": 25,
    "synth-pop": 46,
    "electro": 29,
    "industrial": 21,
    "glitch": 0,
    "eurodance": 0,
    "hardstyle": 1,
    "synthwave": 5,
    "trip hop": 3,
    "breakbeat": 10,
    "vaporwave": 30,
    "chiptune": 5,
    "chillout": 6,
    "lounge": 1
  },
  "The Hip-Hop Basin": {
    "hip hop": 58,
    "trap": 6,
    "boom bap": 8,
    "gangsta rap": 2,
    "r&b": 7,
    "soul": 17,
    "funk": 20,
    "disco": 18,
    "motown": 0,
    "neo soul": 0,
    "g-funk": 2,
    "lo-fi": 28
  },
  "The Jazz & Blues Delta": {
    "jazz": 118,
    "blues": 30,
    "swing": 11,
    "bebop": 1,
    "cool jazz": 2,
    "fusion": 10,
    "ragtime": 0,
    "hard bop": 2,
    "delta blues": 0,
    "chicago blues": 1,
    "soul jazz": 2,
    "bossa nova": 1
  },
  "The Pop Archipelago": {
    "pop": 296,
    "teen pop": 1,
    "dance-pop": 4,
    "europop": 19,
    "k-pop": 1,
    "j-pop": 13,
    "power pop": 12,
    "indie pop": 10,
    "dream pop": 2,
    "traditional pop": 2
  },
  "The Folk & Roots Plains": {
    "folk": 27,
    "country": 20,
    "bluegrass": 1,
    "americana": 0,
    "acoustic": 2,
    "singer-songwriter": 4,
    "celtic": 1,
    "flamenco": 3,
    "latin": 28,
    "gospel": 0
  },
  "The Tropical Pulse": {
    "afrobeats": 1,
    "reggae": 14,
    "ska": 9,
    "dub": 4,
    "rocksteady": 0,
    "dancehall": 0,
    "soca": 0,
    "reggaeton": 2,
    "calypso": 0,
    "zouk": 0,
    "merengue": 0,
    "bachata": 0
  },
  "The Metal Peaks": {
    "metal": 89,
    "heavy metal": 45,
    "black metal": 13,
    "death metal": 22,
    "thrash metal": 8,
    "doom metal": 7,
    "nu metal": 0,
    "sludge": 2,
    "gothic metal": 0,
    "power metal": 1,
    "metalcore": 5,
    "grindcore": 4
  },
  "The Avant-Garde Isles": {
    "classical": 88,
    "experimental": 74,
    "noise": 22,
    "avant-garde": 10,
    "modern classical": 5,
    "minimalism": 0,
    "drone": 6,
    "dark ambient": 7,
    "soundtrack": 16
  }
}