{
  "The Rock Shield": {
    "rock": 464,
    "punk": 99,
    "grunge": 24,
    "hard rock": 37,
    "alternative rock": 86,
    "psychedelic rock": 11,
    "progressive rock": 7,
    "indie": 66,
    "rock & roll": 35,
    "rockabilly": 17,
    "surf": 5,
    "garage rock": 11,
    "post-punk": 14,
    "new wave": 31,
    "britpop": 3,
    "shoegaze": 6,
    "emo": 7,
    "pop-punk": 7,
    "post-rock": 4,
    "stoner rock": 1,
    "hardcore": 27
  },
  "The Electronic Frontier": {
    "electronic": 306,
    "techno": 60,
    "house": 80,
    "trance": 9,
    "ambient": 54,
    "idm": 17,
    "drum and bass": 8,
    "jungle": 6,
    "dubstep": 6,
    "downtempo": 26,
    "synth-pop": 50,
    "electro": 31,
    "industrial": 18,
    "glitch": 1,
    "eurodance": 7,
    "hardstyle": 1,
    "synthwave": 4,
    "trip hop": 2,
    "breakbeat": 8,
    "vaporwave": 27,
    "chiptune": 5,
    "chillout": 5,
    "lounge": 2
  },
  "The Hip-Hop Basin": {
    "hip hop": 66,
    "trap": 7,
    "boom bap": 9,
    "gangsta rap": 2,
    "r&b": 8,
    "soul": 14,
    "funk": 23,
    "disco": 23,
    "motown": 0,
    "neo soul": 1,
    "g-funk": 1,
    "lo-fi": 24
  },
  "The Jazz & Blues Delta": {
    "jazz": 113,
    "blues": 23,
    "swing": 11,
    "bebop": 1,
    "cool jazz": 2,
    "fusion": 6,
    "ragtime": 0,
    "hard bop": 2,
    "delta blues": 0,
    "chicago blues": 0,
    "soul jazz": 2,
    "bossa nova": 1
  },
  "The Pop Archipelago": {
    "pop": 291,
    "teen pop": 0,
    "dance-pop": 4,
    "europop": 13,
    "k-pop": 1,
    "j-pop": 12,
    "power pop": 8,
    "indie pop": 8,
    "dream pop": 3,
    "traditional pop": 1
  },
  "The Folk & Roots Plains": {
    "folk": 29,
    "country": 18,
    "bluegrass": 0,
    "americana": 0,
    "acoustic": 1,
    "singer-songwriter": 5,
    "celtic": 1,
    "flamenco": 2,
    "latin": 26,
    "gospel": 3
  },
  "The Tropical Pulse": {
    "afrobeats": 1,
    "reggae": 12,
    "ska": 8,
    "dub": 2,
    "rocksteady": 0,
    "dancehall": 1,
    "soca": 0,
    "reggaeton": 2,
    "calypso": 0,
    "zouk": 0,
    "merengue": 0,
    "bachata": 0
  },
  "The Metal Peaks": {
    "metal": 78,
    "heavy metal": 29,
    "black metal": 13,
    "death metal": 20,
    "thrash metal": 6,
    "doom metal": 3,
    "nu metal": 1,
    "sludge": 1,
    "gothic metal": 1,
    "power metal": 0,
    "metalcore": 5,
    "grindcore": 6
  },
  "The Avant-Garde Isles": {
    "classical": 74,
    "experimental": 79,
    "noise": 28,
    "avant-garde": 14,
    "modern classical": 4,
    "minimalism": 0,
    "drone": 8,
    "dark ambient": 7,
    "soundtrack": 13
  }
}