{
  "The Rock Shield": {
    "rock": 518,
    "punk": 98,
    "grunge": 20,
    "hard rock": 40,
    "alternative rock": 93,
    "psychedelic rock": 10,
    "progressive rock": 11,
    "indie": 86,
    "rock & roll": 36,
    "rockabilly": 18,
    "surf": 6,
    "garage rock": 16,
    "post-punk": 12,
    "new wave": 26,
    "britpop": 12,
    "shoegaze": 5,
    "emo": 13,
    "pop-punk": 13,
    "post-rock": 4,
    "stoner rock": 4,
    "hardcore": 31
  },
  "The Electronic Frontier": {
    "electronic": 358,
    "techno": 64,
    "house": 99,
    "trance": 17,
    "ambient": 65,
    "idm": 17,
    "drum and bass": 9,
    "jungle": 5,
    "dubstep": 5,
    "downtempo": 34,
    "synth-pop": 45,
    "electro": 33,
    "industrial": 27,
    "glitch": 0,
    "eurodance": 10,
    "hardstyle": 1,
    "synthwave": 5,
    "trip hop": 8,
    "breakbeat": 9,
    "vaporwave": 28,
    "chiptune": 5,
    "chillout": 5,
    "lounge": 3
  },
  "The Hip-Hop Basin": {
    "hip hop": 82,
    "trap": 8,
    "boom bap": 8,
    "gangsta rap": 1,
    "r&b": 11,
    "soul": 18,
    "funk": 28,
    "disco": 21,
    "motown": 0,
    "neo soul": 0,
    "g-funk": 2,
    "lo-fi": 29
  },
  "The Jazz & Blues Delta": {
    "jazz": 134,
    "blues": 41,
    "swing": 12,
    "bebop": 1,
    "cool jazz": 2,
    "fusion": 9,
    "ragtime": 0,
    "hard bop": 2,
    "delta blues": 0,
    "chicago blues": 0,
    "soul jazz": 2,
    "bossa nova": 1
  },
  "The Pop Archipelago": {
    "pop": 337,
    "teen pop": 0,
    "dance-pop": 5,
    "europop": 25,
    "k-pop": 1,
    "j-pop": 13,
    "power pop": 9,
    "indie pop": 9,
    "dream pop": 3,
    "traditional pop": 1
  },
  "The Folk & Roots Plains": {
    "folk": 36,
    "country": 33,
    "bluegrass": 1,
    "americana": 1,
    "acoustic": 2,
    "singer-songwriter": 5,
    "celtic": 3,
    "flamenco": 2,
    "latin": 27,
    "gospel": 2
  },
  "The Tropical Pulse": {
    "afrobeats": 1,
    "reggae": 20,
    "ska": 9,
    "dub": 5,
    "rocksteady": 1,
    "dancehall": 3,
    "soca": 0,
    "reggaeton": 2,
    "calypso": 0,
    "zouk": 0,
    "merengue": 0,
    "bachata": 0
  },
  "The Metal Peaks": {
    "metal": 83,
    "heavy metal": 43,
    "black metal": 13,
    "death metal": 18,
    "thrash metal": 8,
    "doom metal": 5,
    "nu metal": 0,
    "sludge": 0,
    "gothic metal": 1,
    "power metal": 3,
    "metalcore": 5,
    "grindcore": 4
  },
  "The Avant-Garde Isles": {
    "classical": 77,
    "experimental": 90,
    "noise": 24,
    "avant-garde": 13,
    "modern classical": 6,
    "minimalism": 0,
    "drone": 7,
    "dark ambient": 8,
    "soundtrack": 14
  }
}