{
  "The Rock Shield": {
    "rock": 481,
    "punk": 106,
    "grunge": 15,
    "hard rock": 41,
    "alternative rock": 98,
    "psychedelic rock": 10,
    "progressive rock": 11,
    "indie": 78,
    "rock & roll": 36,
    "rockabilly": 18,
    "surf": 6,
    "garage rock": 15,
    "post-punk": 16,
    "new wave": 31,
    "britpop": 11,
    "shoegaze": 4,
    "emo": 7,
    "pop-punk": 11,
    "post-rock": 6,
    "stoner rock": 4,
    "hardcore": 41
  },
  "The Electronic Frontier": {
    "electronic": 356,
    "techno": 58,
    "house": 92,
    "trance": 20,
    "ambient": 73,
    "idm": 17,
    "drum and bass": 10,
    "jungle": 5,
    "dubstep": 5,
    "downtempo": 34,
    "synth-pop": 41,
    "electro": 31,
    "industrial": 34,
    "glitch": 1,
    "eurodance": 6,
    "hardstyle": 1,
    "synthwave": 4,
    "trip hop": 9,
    "breakbeat": 11,
    "vaporwave": 30,
    "chiptune": 5,
    "chillout": 6,
    "lounge": 2
  },
  "The Hip-Hop Basin": {
    "hip hop": 83,
    "trap": 6,
    "boom bap": 8,
    "gangsta rap": 1,
    "r&b": 14,
    "soul": 16,
    "funk": 21,
    "disco": 21,
    "motown": 0,
    "neo soul": 1,
    "g-funk": 1,
    "lo-fi": 25
  },
  "The Jazz & Blues Delta": {
    "jazz": 149,
    "blues": 30,
    "swing": 14,
    "bebop": 1,
    "cool jazz": 3,
    "fusion": 7,
    "ragtime": 2,
    "hard bop": 2,
    "delta blues": 0,
    "chicago blues": 1,
    "soul jazz": 3,
    "bossa nova": 1
  },
  "The Pop Archipelago": {
    "pop": 302,
    "teen pop": 0,
    "dance-pop": 8,
    "europop": 15,
    "k-pop": 1,
    "j-pop": 13,
    "power pop": 8,
    "indie pop": 10,
    "dream pop": 4,
    "traditional pop": 3
  },
  "The Folk & Roots Plains": {
    "folk": 44,
    "country": 32,
    "bluegrass": 2,
    "americana": 1,
    "acoustic": 1,
    "singer-songwriter": 5,
    "celtic": 6,
    "flamenco": 2,
    "latin": 23,
    "gospel": 1
  },
  "The Tropical Pulse": {
    "afrobeats": 1,
    "reggae": 24,
    "ska": 7,
    "dub": 4,
    "rocksteady": 0,
    "dancehall": 6,
    "soca": 0,
    "reggaeton": 2,
    "calypso": 1,
    "zouk": 0,
    "merengue": 0,
    "bachata": 0
  },
  "The Metal Peaks": {
    "metal": 85,
    "heavy metal": 35,
    "black metal": 15,
    "death metal": 27,
    "thrash metal": 6,
    "doom metal": 7,
    "nu metal": 3,
    "sludge": 3,
    "gothic metal": 4,
    "power metal": 0,
    "metalcore": 5,
    "grindcore": 4
  },
  "The Avant-Garde Isles": {
    "classical": 72,
    "experimental": 81,
    "noise": 30,
    "avant-garde": 10,
    "modern classical": 6,
    "minimalism": 0,
    "drone": 7,
    "dark ambient": 7,
    "soundtrack": 10
  }
}