{
  "The Rock Shield": {
    "rock": 438,
    "punk": 90,
    "grunge": 15,
    "hard rock": 42,
    "alternative rock": 85,
    "psychedelic rock": 8,
    "progressive rock": 9,
    "indie": 82,
    "rock & roll": 37,
    "rockabilly": 17,
    "surf": 5,
    "garage rock": 14,
    "post-punk": 12,
    "new wave": 29,
    "britpop": 11,
    "shoegaze": 6,
    "emo": 10,
    "pop-punk": 11,
    "post-rock": 8,
    "stoner rock": 3,
    "hardcore": 33
  },
  "The Electronic Frontier": {
    "electronic": 362,
    "techno": 58,
    "house": 92,
    "trance": 29,
    "ambient": 64,
    "idm": 14,
    "drum and bass": 9,
    "jungle": 6,
    "dubstep": 5,
    "downtempo": 38,
    "synth-pop": 42,
    "electro": 43,
    "industrial": 30,
    "glitch": 1,
    "eurodance": 6,
    "hardstyle": 1,
    "synthwave": 6,
    "trip hop": 5,
    "breakbeat": 12,
    "vaporwave": 28,
    "chiptune": 6,
    "chillout": 5,
    "lounge": 5
  },
  "The Hip-Hop Basin": {
    "hip hop": 89,
    "trap": 8,
    "boom bap": 8,
    "gangsta rap": 1,
    "r&b": 9,
    "soul": 19,
    "funk": 23,
    "disco": 24,
    "motown": 0,
    "neo soul": 1,
    "g-funk": 1,
    "lo-fi": 26
  },
  "The Jazz & Blues Delta": {
    "jazz": 128,
    "blues": 26,
    "swing": 14,
    "bebop": 1,
    "cool jazz": 2,
    "fusion": 8,
    "ragtime": 0,
    "hard bop": 2,
    "delta blues": 0,
    "chicago blues": 0,
    "soul jazz": 5,
    "bossa nova": 1
  },
  "The Pop Archipelago": {
    "pop": 303,
    "teen pop": 1,
    "dance-pop": 5,
    "europop": 12,
    "k-pop": 1,
    "j-pop": 13,
    "power pop": 9,
    "indie pop": 13,
    "dream pop": 3,
    "traditional pop": 2
  },
  "The Folk & Roots Plains": {
    "folk": 35,
    "country": 24,
    "bluegrass": 0,
    "americana": 0,
    "acoustic": 3,
    "singer-songwriter": 3,
    "celtic": 2,
    "flamenco": 2,
    "latin": 28,
    "gospel": 1
  },
  "The Tropical Pulse": {
    "afrobeats": 3,
    "reggae": 13,
    "ska": 7,
    "dub": 7,
    "rocksteady": 1,
    "dancehall": 3,
    "soca": 0,
    "reggaeton": 2,
    "calypso": 0,
    "zouk": 0,
    "merengue": 0,
    "bachata": 0
  },
  "The Metal Peaks": {
    "metal": 75,
    "heavy metal": 33,
    "black metal": 14,
    "death metal": 19,
    "thrash metal": 6,
    "doom metal": 4,
    "nu metal": 3,
    "sludge": 0,
    "gothic metal": 0,
    "power metal": 2,
    "metalcore": 6,
    "grindcore": 6
  },
  "The Avant-Garde Isles": {
    "classical": 78,
    "experimental": 80,
    "noise": 20,
    "avant-garde": 13,
    "modern classical": 5,
    "minimalism": 0,
    "drone": 3,
    "dark ambient": 9,
    "soundtrack": 12
  }
}