{
  "The Rock Shield": {
    "rock": 437,
    "punk": 89,
    "grunge": 10,
    "hard rock": 24,
    "alternative rock": 84,
    "psychedelic rock": 10,
    "progressive rock": 8,
    "indie": 88,
    "rock & roll": 31,
    "rockabilly": 17,
    "surf": 5,
    "garage rock": 14,
    "post-punk": 12,
    "new wave": 19,
    "britpop": 22,
    "shoegaze": 5,
    "emo": 8,
    "pop-punk": 11,
    "post-rock": 14,
    "stoner rock": 1,
    "hardcore": 36
  },
  "The Electronic Frontier": {
    "electronic": 371,
    "techno": 58,
    "house": 107,
    "trance": 30,
    "ambient": 64,
    "idm": 17,
    "drum and bass": 13,
    "jungle": 8,
    "dubstep": 5,
    "downtempo": 34,
    "synth-pop": 42,
    "electro": 41,
    "industrial": 26,
    "glitch": 0,
    "eurodance": 7,
    "hardstyle": 1,
    "synthwave": 4,
    "trip hop": 8,
    "breakbeat": 16,
    "vaporwave": 26,
    "chiptune": 5,
    "chillout": 8,
    "lounge": 2
  },
  "The Hip-Hop Basin": {
    "hip hop": 89,
    "trap": 6,
    "boom bap": 8,
    "gangsta rap": 1,
    "r&b": 7,
    "soul": 18,
    "funk": 16,
    "disco": 22,
    "motown": 0,
    "neo soul": 1,
    "g-funk": 1,
    "lo-fi": 27
  },
  "The Jazz & Blues Delta": {
    "jazz": 134,
    "blues": 28,
    "swing": 10,
    "bebop": 1,
    "cool jazz": 2,
    "fusion": 7,
    "ragtime": 0,
    "hard bop": 3,
    "delta blues": 0,
    "chicago blues": 0,
    "soul jazz": 3,
    "bossa nova": 1
  },
  "The Pop Archipelago": {
    "pop": 318,
    "teen pop": 0,
    "dance-pop": 6,
    "europop": 27,
    "k-pop": 1,
    "j-pop": 15,
    "power pop": 24,
    "indie pop": 7,
    "dream pop": 1,
    "traditional pop": 2
  },
  "The Folk & Roots Plains": {
    "folk": 30,
    "country": 23,
    "bluegrass": 0,
    "americana": 1,
    "acoustic": 2,
    "singer-songwriter": 7,
    "celtic": 2,
    "flamenco": 1,
    "latin": 25,
    "gospel": 1
  },
  "The Tropical Pulse": {
    "afrobeats": 1,
    "reggae": 19,
    "ska": 11,
    "dub": 2,
    "rocksteady": 0,
    "dancehall": 1,
    "soca": 1,
    "reggaeton": 2,
    "calypso": 0,
    "zouk": 0,
    "merengue": 0,
    "bachata": 0
  },
  "The Metal Peaks": {
    "metal": 68,
    "heavy metal": 25,
    "black metal": 13,
    "death metal": 22,
    "thrash metal": 4,
    "doom metal": 3,
    "nu metal": 3,
    "sludge": 0,
    "gothic metal": 3,
    "power metal": 1,
    "metalcore": 5,
    "grindcore": 7
  },
  "The Avant-Garde Isles": {
    "classical": 83,
    "experimental": 93,
    "noise": 25,
    "avant-garde": 20,
    "modern classical": 6,
    "minimalism": 0,
    "drone": 6,
    "dark ambient": 9,
    "soundtrack": 10
  }
}