{
  "The Rock Shield": {
    "rock": 469,
    "punk": 85,
    "grunge": 9,
    "hard rock": 31,
    "alternative rock": 76,
    "psychedelic rock": 6,
    "progressive rock": 8,
    "indie": 82,
    "rock & roll": 31,
    "rockabilly": 16,
    "surf": 5,
    "garage rock": 13,
    "post-punk": 15,
    "new wave": 24,
    "britpop": 15,
    "shoegaze": 10,
    "emo": 12,
    "pop-punk": 10,
    "post-rock": 8,
    "stoner rock": 3,
    "hardcore": 24
  },
  "The Electronic Frontier": {
    "electronic": 391,
    "techno": 62,
    "house": 115,
    "trance": 41,
    "ambient": 62,
    "idm": 21,
    "drum and bass": 9,
    "jungle": 5,
    "dubstep": 5,
    "downtempo": 39,
    "synth-pop": 55,
    "electro": 36,
    "industrial": 20,
    "glitch": 0,
    "eurodance": 4,
    "hardstyle": 1,
    "synthwave": 6,
    "trip hop": 14,
    "breakbeat": 18,
    "vaporwave": 26,
    "chiptune": 5,
    "chillout": 6,
    "lounge": 2
  },
  "The Hip-Hop Basin": {
    "hip hop": 95,
    "trap": 6,
    "boom bap": 12,
    "gangsta rap": 1,
    "r&b": 9,
    "soul": 17,
    "funk": 25,
    "disco": 19,
    "motown": 0,
    "neo soul": 2,
    "g-funk": 2,
    "lo-fi": 29
  },
  "The Jazz & Blues Delta": {
    "jazz": 124,
    "blues": 30,
    "swing": 16,
    "bebop": 1,
    "cool jazz": 2,
    "fusion": 6,
    "ragtime": 1,
    "hard bop": 2,
    "delta blues": 0,
    "chicago blues": 0,
    "soul jazz": 3,
    "bossa nova": 1
  },
  "The Pop Archipelago": {
    "pop": 324,
    "teen pop": 0,
    "dance-pop": 6,
    "europop": 31,
    "k-pop": 1,
    "j-pop": 12,
    "power pop": 12,
    "indie pop": 11,
    "dream pop": 5,
    "traditional pop": 2
  },
  "The Folk & Roots Plains": {
    "folk": 38,
    "country": 19,
    "bluegrass": 1,
    "americana": 0,
    "acoustic": 3,
    "singer-songwriter": 3,
    "celtic": 2,
    "flamenco": 1,
    "latin": 29,
    "gospel": 2
  },
  "The Tropical Pulse": {
    "afrobeats": 1,
    "reggae": 13,
    "ska": 5,
    "dub": 4,
    "rocksteady": 0,
    "dancehall": 3,
    "soca": 2,
    "reggaeton": 2,
    "calypso": 0,
    "zouk": 0,
    "merengue": 0,
    "bachata": 0
  },
  "The Metal Peaks": {
    "metal": 78,
    "heavy metal": 33,
    "black metal": 11,
    "death metal": 18,
    "thrash metal": 8,
    "doom metal": 5,
    "nu metal": 7,
    "sludge": 0,
    "gothic metal": 2,
    "power metal": 1,
    "metalcore": 6,
    "grindcore": 7
  },
  "The Avant-Garde Isles": {
    "classical": 79,
    "experimental": 83,
    "noise": 17,
    "avant-garde": 18,
    "modern classical": 8,
    "minimalism": 0,
    "drone": 4,
    "dark ambient": 7,
    "soundtrack": 19
  }
}