{
  "The Rock Shield": {
    "rock": 487,
    "punk": 84,
    "grunge": 9,
    "hard rock": 26,
    "alternative rock": 77,
    "psychedelic rock": 10,
    "progressive rock": 13,
    "indie": 82,
    "rock & roll": 34,
    "rockabilly": 18,
    "surf": 6,
    "garage rock": 13,
    "post-punk": 17,
    "new wave": 23,
    "britpop": 11,
    "shoegaze": 6,
    "emo": 13,
    "pop-punk": 10,
    "post-rock": 14,
    "stoner rock": 2,
    "hardcore": 25
  },
  "The Electronic Frontier": {
    "electronic": 441,
    "techno": 60,
    "house": 142,
    "trance": 55,
    "ambient": 72,
    "idm": 26,
    "drum and bass": 9,
    "jungle": 7,
    "dubstep": 6,
    "downtempo": 37,
    "synth-pop": 64,
    "electro": 54,
    "industrial": 37,
    "glitch": 2,
    "eurodance": 9,
    "hardstyle": 1,
    "synthwave": 6,
    "trip hop": 11,
    "breakbeat": 12,
    "vaporwave": 24,
    "chiptune": 5,
    "chillout": 5,
    "lounge": 3
  },
  "The Hip-Hop Basin": {
    "hip hop": 114,
    "trap": 7,
    "boom bap": 10,
    "gangsta rap": 6,
    "r&b": 16,
    "soul": 33,
    "funk": 34,
    "disco": 35,
    "motown": 0,
    "neo soul": 3,
    "g-funk": 5,
    "lo-fi": 28
  },
  "The Jazz & Blues Delta": {
    "jazz": 127,
    "blues": 25,
    "swing": 8,
    "bebop": 1,
    "cool jazz": 4,
    "fusion": 9,
    "ragtime": 0,
    "hard bop": 2,
    "delta blues": 1,
    "chicago blues": 0,
    "soul jazz": 3,
    "bossa nova": 2
  },
  "The Pop Archipelago": {
    "pop": 379,
    "teen pop": 1,
    "dance-pop": 18,
    "europop": 30,
    "k-pop": 1,
    "j-pop": 12,
    "power pop": 13,
    "indie pop": 9,
    "dream pop": 5,
    "traditional pop": 3
  },
  "The Folk & Roots Plains": {
    "folk": 39,
    "country": 23,
    "bluegrass": 2,
    "americana": 0,
    "acoustic": 1,
    "singer-songwriter": 2,
    "celtic": 3,
    "flamenco": 1,
    "latin": 33,
    "gospel": 2
  },
  "The Tropical Pulse": {
    "afrobeats": 1,
    "reggae": 19,
    "ska": 6,
    "dub": 4,
    "rocksteady": 1,
    "dancehall": 4,
    "soca": 1,
    "reggaeton": 2,
    "calypso": 0,
    "zouk": 0,
    "merengue": 0,
    "bachata": 0
  },
  "The Metal Peaks": {
    "metal": 83,
    "heavy metal": 34,
    "black metal": 14,
    "death metal": 23,
    "thrash metal": 5,
    "doom metal": 8,
    "nu metal": 5,
    "sludge": 3,
    "gothic metal": 2,
    "power metal": 2,
    "metalcore": 6,
    "grindcore": 8
  },
  "The Avant-Garde Isles": {
    "classical": 82,
    "experimental": 95,
    "noise": 28,
    "avant-garde": 14,
    "modern classical": 8,
    "minimalism": 0,
    "drone": 7,
    "dark ambient": 9,
    "soundtrack": 12
  }
}