{
	"The Rock Shield": {
		"rock": 488,
		"punk": 97,
		"grunge": 12,
		"hard rock": 37,
		"alternative rock": 88,
		"psychedelic rock": 21,
		"progressive rock": 9,
		"indie": 88,
		"rock & roll": 35,
		"rockabilly": 16,
		"surf": 5,
		"garage rock": 11,
		"post-punk": 13,
		"new wave": 22,
		"britpop": 10,
		"shoegaze": 3,
		"emo": 11,
		"pop-punk": 9,
		"post-rock": 9,
		"stoner rock": 0,
		"hardcore": 30
	},
	"The Electronic Frontier": {
		"electronic": 585,
		"techno": 115,
		"house": 260,
		"trance": 163,
		"ambient": 79,
		"idm": 19,
		"drum and bass": 16,
		"jungle": 10,
		"dubstep": 4,
		"downtempo": 53,
		"synth-pop": 78,
		"electro": 68,
		"industrial": 38,
		"glitch": 2,
		"eurodance": 16,
		"hardstyle": 1,
		"synthwave": 8,
		"trip hop": 9,
		"breakbeat": 20,
		"vaporwave": 27,
		"chiptune": 7,
		"chillout": 4,
		"lounge": 4
	},
	"The Hip-Hop Basin": {
		"hip hop": 160,
		"trap": 6,
		"boom bap": 9,
		"gangsta rap": 4,
		"r&b": 16,
		"soul": 25,
		"funk": 32,
		"disco": 48,
		"motown": 0,
		"neo soul": 0,
		"g-funk": 2,
		"lo-fi": 27
	},
	"The Jazz & Blues Delta": {
		"jazz": 99,
		"blues": 39,
		"swing": 14,
		"bebop": 0,
		"cool jazz": 4,
		"fusion": 9,
		"ragtime": 0,
		"hard bop": 2,
		"delta blues": 0,
		"chicago blues": 0,
		"soul jazz": 2,
		"bossa nova": 3
	},
	"The Pop Archipelago": {
		"pop": 431,
		"teen pop": 0,
		"dance-pop": 15,
		"europop": 62,
		"k-pop": 0,
		"j-pop": 14,
		"power pop": 10,
		"indie pop": 10,
		"dream pop": 3,
		"traditional pop": 0
	},
	"The Folk & Roots Plains": {
		"folk": 44,
		"country": 22,
		"bluegrass": 1,
		"americana": 0,
		"acoustic": 3,
		"singer-songwriter": 2,
		"celtic": 6,
		"flamenco": 0,
		"latin": 51,
		"gospel": 4
	},
	"The Tropical Pulse": {
		"afrobeats": 2,
		"reggae": 27,
		"ska": 7,
		"dub": 11,
		"rocksteady": 1,
		"dancehall": 7,
		"soca": 1,
		"reggaeton": 2,
		"calypso": 0,
		"zouk": 0,
		"merengue": 3,
		"bachata": 1
	},
	"The Metal Peaks": {
		"metal": 98,
		"heavy metal": 36,
		"black metal": 14,
		"death metal": 25,
		"thrash metal": 3,
		"doom metal": 4,
		"nu metal": 10,
		"sludge": 2,
		"gothic metal": 2,
		"power metal": 1,
		"metalcore": 6,
		"grindcore": 6
	},
	"The Avant-Garde Isles": {
		"classical": 70,
		"experimental": 104,
		"noise": 28,
		"avant-garde": 19,
		"modern classical": 9,
		"minimalism": 0,
		"drone": 4,
		"dark ambient": 10,
		"soundtrack": 14
	}
}