{
  "The Rock Shield": {
    "rock": 613,
    "punk": 112,
    "grunge": 8,
    "hard rock": 43,
    "alternative rock": 111,
    "psychedelic rock": 14,
    "progressive rock": 6,
    "indie": 91,
    "rock & roll": 37,
    "rockabilly": 18,
    "surf": 7,
    "garage rock": 20,
    "post-punk": 17,
    "new wave": 21,
    "britpop": 10,
    "shoegaze": 3,
    "emo": 19,
    "pop-punk": 11,
    "post-rock": 11,
    "stoner rock": 3,
    "hardcore": 41
  },
  "The Electronic Frontier": {
    "electronic": 731,
    "techno": 115,
    "house": 258,
    "trance": 195,
    "ambient": 94,
    "idm": 29,
    "drum and bass": 14,
    "jungle": 7,
    "dubstep": 6,
    "downtempo": 64,
    "synth-pop": 85,
    "electro": 85,
    "industrial": 40,
    "glitch": 2,
    "eurodance": 17,
    "hardstyle": 1,
    "synthwave": 4,
    "trip hop": 13,
    "breakbeat": 28,
    "vaporwave": 25,
    "chiptune": 5,
    "chillout": 7,
    "lounge": 4
  },
  "The Hip-Hop Basin": {
    "hip hop": 162,
    "trap": 6,
    "boom bap": 10,
    "gangsta rap": 3,
    "r&b": 15,
    "soul": 16,
    "funk": 27,
    "disco": 45,
    "motown": 0,
    "neo soul": 1,
    "g-funk": 2,
    "lo-fi": 26
  },
  "The Jazz & Blues Delta": {
    "jazz": 160,
    "blues": 39,
    "swing": 15,
    "bebop": 1,
    "cool jazz": 3,
    "fusion": 13,
    "ragtime": 0,
    "hard bop": 2,
    "delta blues": 0,
    "chicago blues": 0,
    "soul jazz": 2,
    "bossa nova": 5
  },
  "The Pop Archipelago": {
    "pop": 492,
    "teen pop": 0,
    "dance-pop": 17,
    "europop": 64,
    "k-pop": 2,
    "j-pop": 18,
    "power pop": 12,
    "indie pop": 11,
    "dream pop": 2,
    "traditional pop": 1
  },
  "The Folk & Roots Plains": {
    "folk": 50,
    "country": 31,
    "bluegrass": 3,
    "americana": 1,
    "acoustic": 4,
    "singer-songwriter": 4,
    "celtic": 2,
    "flamenco": 2,
    "latin": 55,
    "gospel": 1
  },
  "The Tropical Pulse": {
    "afrobeats": 1,
    "reggae": 21,
    "ska": 5,
    "dub": 10,
    "rocksteady": 0,
    "dancehall": 3,
    "soca": 1,
    "reggaeton": 2,
    "calypso": 1,
    "zouk": 0,
    "merengue": 4,
    "bachata": 1
  },
  "The Metal Peaks": {
    "metal": 93,
    "heavy metal": 39,
    "black metal": 20,
    "death metal": 22,
    "thrash metal": 4,
    "doom metal": 4,
    "nu metal": 13,
    "sludge": 2,
    "gothic metal": 4,
    "power metal": 2,
    "metalcore": 7,
    "grindcore": 5
  },
  "The Avant-Garde Isles": {
    "classical": 91,
    "experimental": 108,
    "noise": 27,
    "avant-garde": 11,
    "modern classical": 8,
    "minimalism": 0,
    "drone": 4,
    "dark ambient": 8,
    "soundtrack": 13
  }
}