{
  "The Rock Shield": {
    "rock": 623,
    "punk": 109,
    "grunge": 9,
    "hard rock": 39,
    "alternative rock": 96,
    "psychedelic rock": 19,
    "progressive rock": 10,
    "indie": 84,
    "rock & roll": 40,
    "rockabilly": 19,
    "surf": 5,
    "garage rock": 15,
    "post-punk": 16,
    "new wave": 23,
    "britpop": 15,
    "shoegaze": 4,
    "emo": 12,
    "pop-punk": 15,
    "post-rock": 9,
    "stoner rock": 5,
    "hardcore": 34
  },
  "The Electronic Frontier": {
    "electronic": 698,
    "techno": 103,
    "house": 268,
    "trance": 196,
    "ambient": 97,
    "idm": 20,
    "drum and bass": 14,
    "jungle": 6,
    "dubstep": 7,
    "downtempo": 77,
    "synth-pop": 61,
    "electro": 75,
    "industrial": 39,
    "glitch": 3,
    "eurodance": 12,
    "hardstyle": 9,
    "synthwave": 5,
    "trip hop": 17,
    "breakbeat": 19,
    "vaporwave": 29,
    "chiptune": 11,
    "chillout": 8,
    "lounge": 1
  },
  "The Hip-Hop Basin": {
    "hip hop": 149,
    "trap": 7,
    "boom bap": 10,
    "gangsta rap": 4,
    "r&b": 16,
    "soul": 18,
    "funk": 33,
    "disco": 30,
    "motown": 0,
    "neo soul": 2,
    "g-funk": 2,
    "lo-fi": 27
  },
  "The Jazz & Blues Delta": {
    "jazz": 165,
    "blues": 49,
    "swing": 13,
    "bebop": 1,
    "cool jazz": 3,
    "fusion": 8,
    "ragtime": 1,
    "hard bop": 2,
    "delta blues": 0,
    "chicago blues": 0,
    "soul jazz": 3,
    "bossa nova": 1
  },
  "The Pop Archipelago": {
    "pop": 499,
    "teen pop": 2,
    "dance-pop": 15,
    "europop": 62,
    "k-pop": 3,
    "j-pop": 21,
    "power pop": 11,
    "indie pop": 8,
    "dream pop": 2,
    "traditional pop": 2
  },
  "The Folk & Roots Plains": {
    "folk": 56,
    "country": 26,
    "bluegrass": 4,
    "americana": 0,
    "acoustic": 4,
    "singer-songwriter": 7,
    "celtic": 3,
    "flamenco": 2,
    "latin": 57,
    "gospel": 3
  },
  "The Tropical Pulse": {
    "afrobeats": 3,
    "reggae": 24,
    "ska": 5,
    "dub": 10,
    "rocksteady": 1,
    "dancehall": 2,
    "soca": 1,
    "reggaeton": 3,
    "calypso": 0,
    "zouk": 2,
    "merengue": 1,
    "bachata": 1
  },
  "The Metal Peaks": {
    "metal": 110,
    "heavy metal": 45,
    "black metal": 19,
    "death metal": 37,
    "thrash metal": 3,
    "doom metal": 6,
    "nu metal": 3,
    "sludge": 3,
    "gothic metal": 4,
    "power metal": 0,
    "metalcore": 11,
    "grindcore": 9
  },
  "The Avant-Garde Isles": {
    "classical": 92,
    "experimental": 115,
    "noise": 29,
    "avant-garde": 14,
    "modern classical": 8,
    "minimalism": 0,
    "drone": 7,
    "dark ambient": 13,
    "soundtrack": 15
  }
}