{
  "The Rock Shield": {
    "rock": 630,
    "punk": 97,
    "grunge": 10,
    "hard rock": 32,
    "alternative rock": 106,
    "psychedelic rock": 10,
    "progressive rock": 16,
    "indie": 107,
    "rock & roll": 41,
    "rockabilly": 19,
    "surf": 5,
    "garage rock": 20,
    "post-punk": 14,
    "new wave": 23,
    "britpop": 6,
    "shoegaze": 4,
    "emo": 14,
    "pop-punk": 15,
    "post-rock": 16,
    "stoner rock": 6,
    "hardcore": 25
  },
  "The Electronic Frontier": {
    "electronic": 672,
    "techno": 85,
    "house": 250,
    "trance": 155,
    "ambient": 88,
    "idm": 19,
    "drum and bass": 13,
    "jungle": 6,
    "dubstep": 6,
    "downtempo": 54,
    "synth-pop": 77,
    "electro": 78,
    "industrial": 41,
    "glitch": 2,
    "eurodance": 17,
    "hardstyle": 11,
    "synthwave": 5,
    "trip hop": 6,
    "breakbeat": 18,
    "vaporwave": 31,
    "chiptune": 8,
    "chillout": 9,
    "lounge": 3
  },
  "The Hip-Hop Basin": {
    "hip hop": 154,
    "trap": 8,
    "boom bap": 8,
    "gangsta rap": 2,
    "r&b": 16,
    "soul": 23,
    "funk": 21,
    "disco": 34,
    "motown": 0,
    "neo soul": 0,
    "g-funk": 1,
    "lo-fi": 34
  },
  "The Jazz & Blues Delta": {
    "jazz": 147,
    "blues": 38,
    "swing": 20,
    "bebop": 1,
    "cool jazz": 2,
    "fusion": 8,
    "ragtime": 0,
    "hard bop": 2,
    "delta blues": 0,
    "chicago blues": 0,
    "soul jazz": 6,
    "bossa nova": 5
  },
  "The Pop Archipelago": {
    "pop": 496,
    "teen pop": 0,
    "dance-pop": 17,
    "europop": 49,
    "k-pop": 2,
    "j-pop": 21,
    "power pop": 10,
    "indie pop": 12,
    "dream pop": 1,
    "traditional pop": 1
  },
  "The Folk & Roots Plains": {
    "folk": 65,
    "country": 25,
    "bluegrass": 1,
    "americana": 0,
    "acoustic": 3,
    "singer-songwriter": 5,
    "celtic": 4,
    "flamenco": 1,
    "latin": 46,
    "gospel": 0
  },
  "The Tropical Pulse": {
    "afrobeats": 1,
    "reggae": 31,
    "ska": 10,
    "dub": 5,
    "rocksteady": 0,
    "dancehall": 7,
    "soca": 1,
    "reggaeton": 7,
    "calypso": 0,
    "zouk": 0,
    "merengue": 3,
    "bachata": 3
  },
  "The Metal Peaks": {
    "metal": 98,
    "heavy metal": 43,
    "black metal": 16,
    "death metal": 32,
    "thrash metal": 6,
    "doom metal": 10,
    "nu metal": 5,
    "sludge": 0,
    "gothic metal": 1,
    "power metal": 2,
    "metalcore": 8,
    "grindcore": 6
  },
  "The Avant-Garde Isles": {
    "classical": 78,
    "experimental": 111,
    "noise": 30,
    "avant-garde": 12,
    "modern classical": 8,
    "minimalism": 0,
    "drone": 8,
    "dark ambient": 8,
    "soundtrack": 11
  }
}