{
  "The Rock Shield": {
    "rock": 677,
    "punk": 103,
    "grunge": 4,
    "hard rock": 44,
    "alternative rock": 129,
    "psychedelic rock": 13,
    "progressive rock": 15,
    "indie": 103,
    "rock & roll": 45,
    "rockabilly": 24,
    "surf": 6,
    "garage rock": 14,
    "post-punk": 17,
    "new wave": 28,
    "britpop": 7,
    "shoegaze": 5,
    "emo": 13,
    "pop-punk": 11,
    "post-rock": 14,
    "stoner rock": 5,
    "hardcore": 29
  },
  "The Electronic Frontier": {
    "electronic": 610,
    "techno": 78,
    "house": 210,
    "trance": 128,
    "ambient": 81,
    "idm": 21,
    "drum and bass": 11,
    "jungle": 5,
    "dubstep": 6,
    "downtempo": 58,
    "synth-pop": 64,
    "electro": 90,
    "industrial": 50,
    "glitch": 3,
    "eurodance": 15,
    "hardstyle": 10,
    "synthwave": 4,
    "trip hop": 10,
    "breakbeat": 12,
    "vaporwave": 26,
    "chiptune": 6,
    "chillout": 7,
    "lounge": 5
  },
  "The Hip-Hop Basin": {
    "hip hop": 153,
    "trap": 7,
    "boom bap": 10,
    "gangsta rap": 2,
    "r&b": 14,
    "soul": 19,
    "funk": 23,
    "disco": 31,
    "motown": 0,
    "neo soul": 1,
    "g-funk": 1,
    "lo-fi": 27
  },
  "The Jazz & Blues Delta": {
    "jazz": 147,
    "blues": 44,
    "swing": 14,
    "bebop": 1,
    "cool jazz": 3,
    "fusion": 7,
    "ragtime": 0,
    "hard bop": 2,
    "delta blues": 0,
    "chicago blues": 0,
    "soul jazz": 2,
    "bossa nova": 3
  },
  "The Pop Archipelago": {
    "pop": 464,
    "teen pop": 0,
    "dance-pop": 15,
    "europop": 37,
    "k-pop": 2,
    "j-pop": 18,
    "power pop": 10,
    "indie pop": 10,
    "dream pop": 2,
    "traditional pop": 2
  },
  "The Folk & Roots Plains": {
    "folk": 63,
    "country": 29,
    "bluegrass": 2,
    "americana": 1,
    "acoustic": 5,
    "singer-songwriter": 9,
    "celtic": 4,
    "flamenco": 3,
    "latin": 45,
    "gospel": 3
  },
  "The Tropical Pulse": {
    "afrobeats": 1,
    "reggae": 31,
    "ska": 7,
    "dub": 7,
    "rocksteady": 1,
    "dancehall": 8,
    "soca": 2,
    "reggaeton": 5,
    "calypso": 1,
    "zouk": 0,
    "merengue": 2,
    "bachata": 1
  },
  "The Metal Peaks": {
    "metal": 120,
    "heavy metal": 51,
    "black metal": 20,
    "death metal": 33,
    "thrash metal": 5,
    "doom metal": 7,
    "nu metal": 8,
    "sludge": 1,
    "gothic metal": 3,
    "power metal": 5,
    "metalcore": 11,
    "grindcore": 9
  },
  "The Avant-Garde Isles": {
    "classical": 86,
    "experimental": 106,
    "noise": 29,
    "avant-garde": 16,
    "modern classical": 6,
    "minimalism": 0,
    "drone": 8,
    "dark ambient": 14,
    "soundtrack": 16
  }
}