{
  "The Rock Shield": {
    "rock": 677,
    "punk": 99,
    "grunge": 8,
    "hard rock": 45,
    "alternative rock": 123,
    "psychedelic rock": 17,
    "progressive rock": 17,
    "indie": 115,
    "rock & roll": 37,
    "rockabilly": 16,
    "surf": 6,
    "garage rock": 14,
    "post-punk": 17,
    "new wave": 24,
    "britpop": 8,
    "shoegaze": 5,
    "emo": 13,
    "pop-punk": 10,
    "post-rock": 15,
    "stoner rock": 8,
    "hardcore": 30
  },
  "The Electronic Frontier": {
    "electronic": 673,
    "techno": 83,
    "house": 254,
    "trance": 119,
    "ambient": 97,
    "idm": 23,
    "drum and bass": 10,
    "jungle": 6,
    "dubstep": 7,
    "downtempo": 61,
    "synth-pop": 81,
    "electro": 111,
    "industrial": 45,
    "glitch": 2,
    "eurodance": 7,
    "hardstyle": 18,
    "synthwave": 5,
    "trip hop": 8,
    "breakbeat": 14,
    "vaporwave": 28,
    "chiptune": 8,
    "chillout": 7,
    "lounge": 4
  },
  "The Hip-Hop Basin": {
    "hip hop": 165,
    "trap": 6,
    "boom bap": 8,
    "gangsta rap": 3,
    "r&b": 13,
    "soul": 25,
    "funk": 25,
    "disco": 44,
    "motown": 0,
    "neo soul": 2,
    "g-funk": 1,
    "lo-fi": 31
  },
  "The Jazz & Blues Delta": {
    "jazz": 134,
    "blues": 42,
    "swing": 18,
    "bebop": 1,
    "cool jazz": 4,
    "fusion": 8,
    "ragtime": 0,
    "hard bop": 4,
    "delta blues": 0,
    "chicago blues": 0,
    "soul jazz": 3,
    "bossa nova": 2
  },
  "The Pop Archipelago": {
    "pop": 475,
    "teen pop": 1,
    "dance-pop": 12,
    "europop": 48,
    "k-pop": 1,
    "j-pop": 18,
    "power pop": 10,
    "indie pop": 17,
    "dream pop": 2,
    "traditional pop": 1
  },
  "The Folk & Roots Plains": {
    "folk": 74,
    "country": 40,
    "bluegrass": 2,
    "americana": 1,
    "acoustic": 3,
    "singer-songwriter": 4,
    "celtic": 2,
    "flamenco": 2,
    "latin": 46,
    "gospel": 1
  },
  "The Tropical Pulse": {
    "afrobeats": 1,
    "reggae": 17,
    "ska": 7,
    "dub": 7,
    "rocksteady": 1,
    "dancehall": 2,
    "soca": 1,
    "reggaeton": 10,
    "calypso": 1,
    "zouk": 2,
    "merengue": 3,
    "bachata": 2
  },
  "The Metal Peaks": {
    "metal": 106,
    "heavy metal": 40,
    "black metal": 20,
    "death metal": 28,
    "thrash metal": 3,
    "doom metal": 12,
    "nu metal": 6,
    "sludge": 2,
    "gothic metal": 3,
    "power metal": 2,
    "metalcore": 12,
    "grindcore": 7
  },
  "The Avant-Garde Isles": {
    "classical": 101,
    "experimental": 113,
    "noise": 29,
    "avant-garde": 19,
    "modern classical": 30,
    "minimalism": 0,
    "drone": 7,
    "dark ambient": 9,
    "soundtrack": 18
  }
}