{
  "The Rock Shield": {
    "rock": 615,
    "punk": 109,
    "grunge": 6,
    "hard rock": 34,
    "alternative rock": 127,
    "psychedelic rock": 14,
    "progressive rock": 15,
    "indie": 118,
    "rock & roll": 35,
    "rockabilly": 20,
    "surf": 6,
    "garage rock": 16,
    "post-punk": 18,
    "new wave": 26,
    "britpop": 3,
    "shoegaze": 6,
    "emo": 16,
    "pop-punk": 18,
    "post-rock": 14,
    "stoner rock": 4,
    "hardcore": 30
  },
  "The Electronic Frontier": {
    "electronic": 626,
    "techno": 93,
    "house": 205,
    "trance": 97,
    "ambient": 83,
    "idm": 25,
    "drum and bass": 10,
    "jungle": 8,
    "dubstep": 8,
    "downtempo": 54,
    "synth-pop": 61,
    "electro": 108,
    "industrial": 35,
    "glitch": 5,
    "eurodance": 12,
    "hardstyle": 15,
    "synthwave": 8,
    "trip hop": 7,
    "breakbeat": 15,
    "vaporwave": 27,
    "chiptune": 8,
    "chillout": 7,
    "lounge": 3
  },
  "The Hip-Hop Basin": {
    "hip hop": 135,
    "trap": 6,
    "boom bap": 8,
    "gangsta rap": 4,
    "r&b": 8,
    "soul": 26,
    "funk": 32,
    "disco": 36,
    "motown": 1,
    "neo soul": 3,
    "g-funk": 1,
    "lo-fi": 37
  },
  "The Jazz & Blues Delta": {
    "jazz": 170,
    "blues": 37,
    "swing": 16,
    "bebop": 2,
    "cool jazz": 2,
    "fusion": 9,
    "ragtime": 0,
    "hard bop": 5,
    "delta blues": 0,
    "chicago blues": 1,
    "soul jazz": 3,
    "bossa nova": 1
  },
  "The Pop Archipelago": {
    "pop": 442,
    "teen pop": 1,
    "dance-pop": 10,
    "europop": 29,
    "k-pop": 1,
    "j-pop": 16,
    "power pop": 9,
    "indie pop": 12,
    "dream pop": 1,
    "traditional pop": 2
  },
  "The Folk & Roots Plains": {
    "folk": 77,
    "country": 39,
    "bluegrass": 4,
    "americana": 1,
    "acoustic": 7,
    "singer-songwriter": 3,
    "celtic": 3,
    "flamenco": 3,
    "latin": 43,
    "gospel": 2
  },
  "The Tropical Pulse": {
    "afrobeats": 4,
    "reggae": 35,
    "ska": 11,
    "dub": 7,
    "rocksteady": 2,
    "dancehall": 9,
    "soca": 2,
    "reggaeton": 9,
    "calypso": 0,
    "zouk": 0,
    "merengue": 0,
    "bachata": 0
  },
  "The Metal Peaks": {
    "metal": 98,
    "heavy metal": 42,
    "black metal": 20,
    "death metal": 37,
    "thrash metal": 5,
    "doom metal": 5,
    "nu metal": 2,
    "sludge": 2,
    "gothic metal": 2,
    "power metal": 0,
    "metalcore": 8,
    "grindcore": 11
  },
  "The Avant-Garde Isles": {
    "classical": 81,
    "experimental": 110,
    "noise": 34,
    "avant-garde": 22,
    "modern classical": 8,
    "minimalism": 0,
    "drone": 13,
    "dark ambient": 10,
    "soundtrack": 13
  }
}