{
  "The Rock Shield": {
    "rock": 641,
    "punk": 114,
    "grunge": 5,
    "hard rock": 38,
    "alternative rock": 104,
    "psychedelic rock": 17,
    "progressive rock": 15,
    "indie": 129,
    "rock & roll": 35,
    "rockabilly": 17,
    "surf": 5,
    "garage rock": 18,
    "post-punk": 25,
    "new wave": 24,
    "britpop": 2,
    "shoegaze": 7,
    "emo": 13,
    "pop-punk": 10,
    "post-rock": 19,
    "stoner rock": 7,
    "hardcore": 31
  },
  "The Electronic Frontier": {
    "electronic": 626,
    "techno": 83,
    "house": 236,
    "trance": 89,
    "ambient": 78,
    "idm": 18,
    "drum and bass": 13,
    "jungle": 5,
    "dubstep": 11,
    "downtempo": 47,
    "synth-pop": 59,
    "electro": 138,
    "industrial": 32,
    "glitch": 2,
    "eurodance": 5,
    "hardstyle": 17,
    "synthwave": 8,
    "trip hop": 7,
    "breakbeat": 15,
    "vaporwave": 25,
    "chiptune": 7,
    "chillout": 5,
    "lounge": 6
  },
  "The Hip-Hop Basin": {
    "hip hop": 139,
    "trap": 6,
    "boom bap": 8,
    "gangsta rap": 4,
    "r&b": 15,
    "soul": 25,
    "funk": 28,
    "disco": 35,
    "motown": 0,
    "neo soul": 4,
    "g-funk": 1,
    "lo-fi": 30
  },
  "The Jazz & Blues Delta": {
    "jazz": 161,
    "blues": 44,
    "swing": 14,
    "bebop": 1,
    "cool jazz": 3,
    "fusion": 7,
    "ragtime": 0,
    "hard bop": 2,
    "delta blues": 0,
    "chicago blues": 0,
    "soul jazz": 2,
    "bossa nova": 2
  },
  "The Pop Archipelago": {
    "pop": 480,
    "teen pop": 1,
    "dance-pop": 17,
    "europop": 33,
    "k-pop": 2,
    "j-pop": 20,
    "power pop": 8,
    "indie pop": 18,
    "dream pop": 4,
    "traditional pop": 1
  },
  "The Folk & Roots Plains": {
    "folk": 81,
    "country": 45,
    "bluegrass": 5,
    "americana": 3,
    "acoustic": 9,
    "singer-songwriter": 8,
    "celtic": 4,
    "flamenco": 1,
    "latin": 47,
    "gospel": 0
  },
  "The Tropical Pulse": {
    "afrobeats": 3,
    "reggae": 25,
    "ska": 6,
    "dub": 6,
    "rocksteady": 0,
    "dancehall": 6,
    "soca": 1,
    "reggaeton": 3,
    "calypso": 0,
    "zouk": 0,
    "merengue": 1,
    "bachata": 0
  },
  "The Metal Peaks": {
    "metal": 105,
    "heavy metal": 45,
    "black metal": 21,
    "death metal": 35,
    "thrash metal": 11,
    "doom metal": 10,
    "nu metal": 2,
    "sludge": 0,
    "gothic metal": 2,
    "power metal": 3,
    "metalcore": 9,
    "grindcore": 11
  },
  "The Avant-Garde Isles": {
    "classical": 78,
    "experimental": 120,
    "noise": 29,
    "avant-garde": 15,
    "modern classical": 4,
    "minimalism": 0,
    "drone": 9,
    "dark ambient": 10,
    "soundtrack": 13
  }
}