{
  "The Rock Shield": {
    "rock": 630,
    "punk": 101,
    "grunge": 8,
    "hard rock": 34,
    "alternative rock": 125,
    "psychedelic rock": 17,
    "progressive rock": 13,
    "indie": 153,
    "rock & roll": 36,
    "rockabilly": 18,
    "surf": 5,
    "garage rock": 20,
    "post-punk": 19,
    "new wave": 35,
    "britpop": 3,
    "shoegaze": 7,
    "emo": 9,
    "pop-punk": 11,
    "post-rock": 15,
    "stoner rock": 11,
    "hardcore": 31
  },
  "The Electronic Frontier": {
    "electronic": 665,
    "techno": 88,
    "house": 240,
    "trance": 102,
    "ambient": 79,
    "idm": 20,
    "drum and bass": 12,
    "jungle": 5,
    "dubstep": 14,
    "downtempo": 40,
    "synth-pop": 68,
    "electro": 149,
    "industrial": 40,
    "glitch": 6,
    "eurodance": 9,
    "hardstyle": 21,
    "synthwave": 4,
    "trip hop": 11,
    "breakbeat": 11,
    "vaporwave": 24,
    "chiptune": 15,
    "chillout": 6,
    "lounge": 1
  },
  "The Hip-Hop Basin": {
    "hip hop": 140,
    "trap": 7,
    "boom bap": 8,
    "gangsta rap": 1,
    "r&b": 20,
    "soul": 32,
    "funk": 21,
    "disco": 29,
    "motown": 0,
    "neo soul": 3,
    "g-funk": 1,
    "lo-fi": 28
  },
  "The Jazz & Blues Delta": {
    "jazz": 141,
    "blues": 38,
    "swing": 15,
    "bebop": 1,
    "cool jazz": 3,
    "fusion": 9,
    "ragtime": 0,
    "hard bop": 2,
    "delta blues": 0,
    "chicago blues": 1,
    "soul jazz": 3,
    "bossa nova": 1
  },
  "The Pop Archipelago": {
    "pop": 473,
    "teen pop": 3,
    "dance-pop": 23,
    "europop": 30,
    "k-pop": 1,
    "j-pop": 19,
    "power pop": 10,
    "indie pop": 22,
    "dream pop": 3,
    "traditional pop": 1
  },
  "The Folk & Roots Plains": {
    "folk": 92,
    "country": 50,
    "bluegrass": 2,
    "americana": 2,
    "acoustic": 6,
    "singer-songwriter": 8,
    "celtic": 5,
    "flamenco": 1,
    "latin": 40,
    "gospel": 4
  },
  "The Tropical Pulse": {
    "afrobeats": 3,
    "reggae": 22,
    "ska": 4,
    "dub": 12,
    "rocksteady": 0,
    "dancehall": 4,
    "soca": 1,
    "reggaeton": 5,
    "calypso": 0,
    "zouk": 0,
    "merengue": 2,
    "bachata": 2
  },
  "The Metal Peaks": {
    "metal": 100,
    "heavy metal": 39,
    "black metal": 19,
    "death metal": 36,
    "thrash metal": 5,
    "doom metal": 6,
    "nu metal": 1,
    "sludge": 2,
    "gothic metal": 1,
    "power metal": 1,
    "metalcore": 11,
    "grindcore": 10
  },
  "The Avant-Garde Isles": {
    "classical": 83,
    "experimental": 103,
    "noise": 27,
    "avant-garde": 20,
    "modern classical": 8,
    "minimalism": 1,
    "drone": 14,
    "dark ambient": 13,
    "soundtrack": 9
  }
}