{
  "The Rock Shield": {
    "rock": 646,
    "punk": 97,
    "grunge": 6,
    "hard rock": 42,
    "alternative rock": 109,
    "psychedelic rock": 14,
    "progressive rock": 14,
    "indie": 126,
    "rock & roll": 46,
    "rockabilly": 18,
    "surf": 6,
    "garage rock": 18,
    "post-punk": 18,
    "new wave": 29,
    "britpop": 16,
    "shoegaze": 12,
    "emo": 10,
    "pop-punk": 10,
    "post-rock": 18,
    "stoner rock": 6,
    "hardcore": 38
  },
  "The Electronic Frontier": {
    "electronic": 679,
    "techno": 76,
    "house": 261,
    "trance": 112,
    "ambient": 78,
    "idm": 21,
    "drum and bass": 13,
    "jungle": 7,
    "dubstep": 19,
    "downtempo": 43,
    "synth-pop": 83,
    "electro": 154,
    "industrial": 27,
    "glitch": 4,
    "eurodance": 6,
    "hardstyle": 22,
    "synthwave": 6,
    "trip hop": 12,
    "breakbeat": 15,
    "vaporwave": 26,
    "chiptune": 8,
    "chillout": 10,
    "lounge": 3
  },
  "The Hip-Hop Basin": {
    "hip hop": 124,
    "trap": 6,
    "boom bap": 9,
    "gangsta rap": 1,
    "r&b": 20,
    "soul": 23,
    "funk": 23,
    "disco": 43,
    "motown": 0,
    "neo soul": 3,
    "g-funk": 1,
    "lo-fi": 31
  },
  "The Jazz & Blues Delta": {
    "jazz": 143,
    "blues": 33,
    "swing": 14,
    "bebop": 1,
    "cool jazz": 3,
    "fusion": 8,
    "ragtime": 0,
    "hard bop": 2,
    "delta blues": 0,
    "chicago blues": 2,
    "soul jazz": 3,
    "bossa nova": 1
  },
  "The Pop Archipelago": {
    "pop": 461,
    "teen pop": 0,
    "dance-pop": 25,
    "europop": 26,
    "k-pop": 2,
    "j-pop": 19,
    "power pop": 10,
    "indie pop": 13,
    "dream pop": 2,
    "traditional pop": 1
  },
  "The Folk & Roots Plains": {
    "folk": 78,
    "country": 37,
    "bluegrass": 6,
    "americana": 0,
    "acoustic": 7,
    "singer-songwriter": 5,
    "celtic": 2,
    "flamenco": 2,
    "latin": 41,
    "gospel": 0
  },
  "The Tropical Pulse": {
    "afrobeats": 2,
    "reggae": 22,
    "ska": 3,
    "dub": 4,
    "rocksteady": 0,
    "dancehall": 6,
    "soca": 1,
    "reggaeton": 2,
    "calypso": 1,
    "zouk": 0,
    "merengue": 0,
    "bachata": 1
  },
  "The Metal Peaks": {
    "metal": 90,
    "heavy metal": 25,
    "black metal": 13,
    "death metal": 27,
    "thrash metal": 5,
    "doom metal": 11,
    "nu metal": 0,
    "sludge": 1,
    "gothic metal": 2,
    "power metal": 0,
    "metalcore": 9,
    "grindcore": 7
  },
  "The Avant-Garde Isles": {
    "classical": 85,
    "experimental": 107,
    "noise": 29,
    "avant-garde": 17,
    "modern classical": 5,
    "minimalism": 0,
    "drone": 11,
    "dark ambient": 6,
    "soundtrack": 13
  }
}