{
  "The Rock Shield": {
    "rock": 619,
    "punk": 122,
    "grunge": 6,
    "hard rock": 36,
    "alternative rock": 94,
    "psychedelic rock": 19,
    "progressive rock": 14,
    "indie": 122,
    "rock & roll": 38,
    "rockabilly": 17,
    "surf": 7,
    "garage rock": 19,
    "post-punk": 19,
    "new wave": 28,
    "britpop": 4,
    "shoegaze": 7,
    "emo": 12,
    "pop-punk": 13,
    "post-rock": 17,
    "stoner rock": 3,
    "hardcore": 39
  },
  "The Electronic Frontier": {
    "electronic": 714,
    "techno": 97,
    "house": 253,
    "trance": 118,
    "ambient": 85,
    "idm": 25,
    "drum and bass": 13,
    "jungle": 6,
    "dubstep": 27,
    "downtempo": 39,
    "synth-pop": 63,
    "electro": 147,
    "industrial": 34,
    "glitch": 6,
    "eurodance": 11,
    "hardstyle": 29,
    "synthwave": 6,
    "trip hop": 9,
    "breakbeat": 14,
    "vaporwave": 25,
    "chiptune": 15,
    "chillout": 7,
    "lounge": 4
  },
  "The Hip-Hop Basin": {
    "hip hop": 120,
    "trap": 8,
    "boom bap": 8,
    "gangsta rap": 1,
    "r&b": 10,
    "soul": 30,
    "funk": 24,
    "disco": 42,
    "motown": 0,
    "neo soul": 8,
    "g-funk": 1,
    "lo-fi": 31
  },
  "The Jazz & Blues Delta": {
    "jazz": 127,
    "blues": 40,
    "swing": 10,
    "bebop": 1,
    "cool jazz": 3,
    "fusion": 9,
    "ragtime": 0,
    "hard bop": 3,
    "delta blues": 0,
    "chicago blues": 0,
    "soul jazz": 3,
    "bossa nova": 1
  },
  "The Pop Archipelago": {
    "pop": 443,
    "teen pop": 0,
    "dance-pop": 23,
    "europop": 33,
    "k-pop": 2,
    "j-pop": 20,
    "power pop": 10,
    "indie pop": 19,
    "dream pop": 3,
    "traditional pop": 2
  },
  "The Folk & Roots Plains": {
    "folk": 90,
    "country": 34,
    "bluegrass": 1,
    "americana": 1,
    "acoustic": 3,
    "singer-songwriter": 10,
    "celtic": 15,
    "flamenco": 2,
    "latin": 33,
    "gospel": 1
  },
  "The Tropical Pulse": {
    "afrobeats": 1,
    "reggae": 17,
    "ska": 2,
    "dub": 8,
    "rocksteady": 0,
    "dancehall": 4,
    "soca": 2,
    "reggaeton": 4,
    "calypso": 0,
    "zouk": 1,
    "merengue": 1,
    "bachata": 2
  },
  "The Metal Peaks": {
    "metal": 94,
    "heavy metal": 27,
    "black metal": 15,
    "death metal": 30,
    "thrash metal": 5,
    "doom metal": 12,
    "nu metal": 1,
    "sludge": 1,
    "gothic metal": 0,
    "power metal": 1,
    "metalcore": 10,
    "grindcore": 7
  },
  "The Avant-Garde Isles": {
    "classical": 79,
    "experimental": 112,
    "noise": 31,
    "avant-garde": 16,
    "modern classical": 7,
    "minimalism": 1,
    "drone": 11,
    "dark ambient": 11,
    "soundtrack": 11
  }
}