{
  "The Rock Shield": {
    "rock": 598,
    "punk": 126,
    "grunge": 8,
    "hard rock": 43,
    "alternative rock": 86,
    "psychedelic rock": 22,
    "progressive rock": 24,
    "indie": 102,
    "rock & roll": 37,
    "rockabilly": 17,
    "surf": 6,
    "garage rock": 13,
    "post-punk": 21,
    "new wave": 22,
    "britpop": 1,
    "shoegaze": 12,
    "emo": 14,
    "pop-punk": 10,
    "post-rock": 23,
    "stoner rock": 8,
    "hardcore": 29
  },
  "The Electronic Frontier": {
    "electronic": 641,
    "techno": 85,
    "house": 204,
    "trance": 108,
    "ambient": 98,
    "idm": 22,
    "drum and bass": 15,
    "jungle": 5,
    "dubstep": 32,
    "downtempo": 35,
    "synth-pop": 69,
    "electro": 112,
    "industrial": 31,
    "glitch": 2,
    "eurodance": 3,
    "hardstyle": 28,
    "synthwave": 5,
    "trip hop": 7,
    "breakbeat": 10,
    "vaporwave": 24,
    "chiptune": 12,
    "chillout": 10,
    "lounge": 1
  },
  "The Hip-Hop Basin": {
    "hip hop": 114,
    "trap": 6,
    "boom bap": 8,
    "gangsta rap": 1,
    "r&b": 16,
    "soul": 21,
    "funk": 24,
    "disco": 35,
    "motown": 0,
    "neo soul": 1,
    "g-funk": 1,
    "lo-fi": 35
  },
  "The Jazz & Blues Delta": {
    "jazz": 135,
    "blues": 39,
    "swing": 12,
    "bebop": 1,
    "cool jazz": 3,
    "fusion": 8,
    "ragtime": 0,
    "hard bop": 2,
    "delta blues": 0,
    "chicago blues": 0,
    "soul jazz": 5,
    "bossa nova": 1
  },
  "The Pop Archipelago": {
    "pop": 426,
    "teen pop": 1,
    "dance-pop": 13,
    "europop": 24,
    "k-pop": 3,
    "j-pop": 19,
    "power pop": 8,
    "indie pop": 22,
    "dream pop": 2,
    "traditional pop": 1
  },
  "The Folk & Roots Plains": {
    "folk": 66,
    "country": 32,
    "bluegrass": 1,
    "americana": 3,
    "acoustic": 2,
    "singer-songwriter": 12,
    "celtic": 3,
    "flamenco": 1,
    "latin": 36,
    "gospel": 2
  },
  "The Tropical Pulse": {
    "afrobeats": 3,
    "reggae": 23,
    "ska": 5,
    "dub": 10,
    "rocksteady": 0,
    "dancehall": 4,
    "soca": 1,
    "reggaeton": 6,
    "calypso": 0,
    "zouk": 0,
    "merengue": 0,
    "bachata": 0
  },
  "The Metal Peaks": {
    "metal": 117,
    "heavy metal": 27,
    "black metal": 22,
    "death metal": 22,
    "thrash metal": 3,
    "doom metal": 20,
    "nu metal": 1,
    "sludge": 2,
    "gothic metal": 2,
    "power metal": 2,
    "metalcore": 8,
    "grindcore": 9
  },
  "The Avant-Garde Isles": {
    "classical": 82,
    "experimental": 117,
    "noise": 24,
    "avant-garde": 12,
    "modern classical": 7,
    "minimalism": 0,
    "drone": 18,
    "dark ambient": 20,
    "soundtrack": 8
  }
}