{
  "The Rock Shield": {
    "rock": 609,
    "punk": 138,
    "grunge": 10,
    "hard rock": 34,
    "alternative rock": 76,
    "psychedelic rock": 27,
    "progressive rock": 10,
    "indie": 101,
    "rock & roll": 36,
    "rockabilly": 17,
    "surf": 6,
    "garage rock": 15,
    "post-punk": 28,
    "new wave": 26,
    "britpop": 3,
    "shoegaze": 12,
    "emo": 13,
    "pop-punk": 13,
    "post-rock": 17,
    "stoner rock": 14,
    "hardcore": 44
  },
  "The Electronic Frontier": {
    "electronic": 666,
    "techno": 79,
    "house": 212,
    "trance": 78,
    "ambient": 108,
    "idm": 22,
    "drum and bass": 12,
    "jungle": 8,
    "dubstep": 44,
    "downtempo": 49,
    "synth-pop": 65,
    "electro": 141,
    "industrial": 51,
    "glitch": 3,
    "eurodance": 1,
    "hardstyle": 30,
    "synthwave": 11,
    "trip hop": 5,
    "breakbeat": 7,
    "vaporwave": 27,
    "chiptune": 12,
    "chillout": 11,
    "lounge": 4
  },
  "The Hip-Hop Basin": {
    "hip hop": 111,
    "trap": 8,
    "boom bap": 9,
    "gangsta rap": 1,
    "r&b": 15,
    "soul": 22,
    "funk": 21,
    "disco": 27,
    "motown": 0,
    "neo soul": 3,
    "g-funk": 1,
    "lo-fi": 36
  },
  "The Jazz & Blues Delta": {
    "jazz": 133,
    "blues": 43,
    "swing": 11,
    "bebop": 1,
    "cool jazz": 2,
    "fusion": 7,
    "ragtime": 1,
    "hard bop": 2,
    "delta blues": 0,
    "chicago blues": 0,
    "soul jazz": 4,
    "bossa nova": 1
  },
  "The Pop Archipelago": {
    "pop": 421,
    "teen pop": 0,
    "dance-pop": 16,
    "europop": 22,
    "k-pop": 5,
    "j-pop": 25,
    "power pop": 9,
    "indie pop": 17,
    "dream pop": 3,
    "traditional pop": 4
  },
  "The Folk & Roots Plains": {
    "folk": 76,
    "country": 22,
    "bluegrass": 1,
    "americana": 1,
    "acoustic": 0,
    "singer-songwriter": 7,
    "celtic": 5,
    "flamenco": 2,
    "latin": 42,
    "gospel": 1
  },
  "The Tropical Pulse": {
    "afrobeats": 2,
    "reggae": 18,
    "ska": 4,
    "dub": 11,
    "rocksteady": 0,
    "dancehall": 8,
    "soca": 1,
    "reggaeton": 4,
    "calypso": 0,
    "zouk": 1,
    "merengue": 0,
    "bachata": 0
  },
  "The Metal Peaks": {
    "metal": 118,
    "heavy metal": 33,
    "black metal": 28,
    "death metal": 36,
    "thrash metal": 6,
    "doom metal": 14,
    "nu metal": 2,
    "sludge": 3,
    "gothic metal": 1,
    "power metal": 3,
    "metalcore": 8,
    "grindcore": 14
  },
  "The Avant-Garde Isles": {
    "classical": 81,
    "experimental": 129,
    "noise": 44,
    "avant-garde": 17,
    "modern classical": 6,
    "minimalism": 0,
    "drone": 15,
    "dark ambient": 18,
    "soundtrack": 11
  }
}