{
  "The Rock Shield": {
    "rock": 560,
    "punk": 121,
    "grunge": 5,
    "hard rock": 35,
    "alternative rock": 67,
    "psychedelic rock": 31,
    "progressive rock": 16,
    "indie": 96,
    "rock & roll": 34,
    "rockabilly": 18,
    "surf": 5,
    "garage rock": 13,
    "post-punk": 20,
    "new wave": 23,
    "britpop": 1,
    "shoegaze": 9,
    "emo": 13,
    "pop-punk": 12,
    "post-rock": 17,
    "stoner rock": 17,
    "hardcore": 38
  },
  "The Electronic Frontier": {
    "electronic": 615,
    "techno": 84,
    "house": 212,
    "trance": 82,
    "ambient": 81,
    "idm": 21,
    "drum and bass": 16,
    "jungle": 5,
    "dubstep": 33,
    "downtempo": 31,
    "synth-pop": 77,
    "electro": 133,
    "industrial": 33,
    "glitch": 4,
    "eurodance": 5,
    "hardstyle": 26,
    "synthwave": 6,
    "trip hop": 8,
    "breakbeat": 10,
    "vaporwave": 26,
    "chiptune": 13,
    "chillout": 5,
    "lounge": 1
  },
  "The Hip-Hop Basin": {
    "hip hop": 106,
    "trap": 11,
    "boom bap": 8,
    "gangsta rap": 1,
    "r&b": 8,
    "soul": 23,
    "funk": 23,
    "disco": 31,
    "motown": 0,
    "neo soul": 5,
    "g-funk": 1,
    "lo-fi": 34
  },
  "The Jazz & Blues Delta": {
    "jazz": 131,
    "blues": 41,
    "swing": 9,
    "bebop": 1,
    "cool jazz": 2,
    "fusion": 7,
    "ragtime": 0,
    "hard bop": 2,
    "delta blues": 0,
    "chicago blues": 0,
    "soul jazz": 2,
    "bossa nova": 1
  },
  "The Pop Archipelago": {
    "pop": 410,
    "teen pop": 0,
    "dance-pop": 19,
    "europop": 25,
    "k-pop": 3,
    "j-pop": 21,
    "power pop": 7,
    "indie pop": 26,
    "dream pop": 3,
    "traditional pop": 1
  },
  "The Folk & Roots Plains": {
    "folk": 62,
    "country": 19,
    "bluegrass": 1,
    "americana": 1,
    "acoustic": 1,
    "singer-songwriter": 9,
    "celtic": 4,
    "flamenco": 2,
    "latin": 34,
    "gospel": 3
  },
  "The Tropical Pulse": {
    "afrobeats": 1,
    "reggae": 25,
    "ska": 3,
    "dub": 13,
    "rocksteady": 0,
    "dancehall": 6,
    "soca": 1,
    "reggaeton": 3,
    "calypso": 0,
    "zouk": 0,
    "merengue": 1,
    "bachata": 0
  },
  "The Metal Peaks": {
    "metal": 120,
    "heavy metal": 24,
    "black metal": 28,
    "death metal": 36,
    "thrash metal": 7,
    "doom metal": 17,
    "nu metal": 2,
    "sludge": 3,
    "gothic metal": 0,
    "power metal": 3,
    "metalcore": 12,
    "grindcore": 12
  },
  "The Avant-Garde Isles": {
    "classical": 88,
    "experimental": 123,
    "noise": 34,
    "avant-garde": 16,
    "modern classical": 6,
    "minimalism": 0,
    "drone": 12,
    "dark ambient": 14,
    "soundtrack": 14
  }
}