{
  "The Rock Shield": {
    "rock": 543,
    "punk": 128,
    "grunge": 6,
    "hard rock": 30,
    "alternative rock": 62,
    "psychedelic rock": 34,
    "progressive rock": 13,
    "indie": 92,
    "rock & roll": 34,
    "rockabilly": 16,
    "surf": 6,
    "garage rock": 17,
    "post-punk": 22,
    "new wave": 27,
    "britpop": 0,
    "shoegaze": 11,
    "emo": 17,
    "pop-punk": 14,
    "post-rock": 19,
    "stoner rock": 9,
    "hardcore": 47
  },
  "The Electronic Frontier": {
    "electronic": 583,
    "techno": 79,
    "house": 196,
    "trance": 56,
    "ambient": 90,
    "idm": 24,
    "drum and bass": 15,
    "jungle": 6,
    "dubstep": 14,
    "downtempo": 33,
    "synth-pop": 59,
    "electro": 108,
    "industrial": 41,
    "glitch": 5,
    "eurodance": 1,
    "hardstyle": 23,
    "synthwave": 11,
    "trip hop": 6,
    "breakbeat": 10,
    "vaporwave": 28,
    "chiptune": 15,
    "chillout": 6,
    "lounge": 2
  },
  "The Hip-Hop Basin": {
    "hip hop": 103,
    "trap": 12,
    "boom bap": 8,
    "gangsta rap": 1,
    "r&b": 13,
    "soul": 28,
    "funk": 23,
    "disco": 29,
    "motown": 0,
    "neo soul": 5,
    "g-funk": 1,
    "lo-fi": 29
  },
  "The Jazz & Blues Delta": {
    "jazz": 120,
    "blues": 35,
    "swing": 10,
    "bebop": 1,
    "cool jazz": 3,
    "fusion": 11,
    "ragtime": 0,
    "hard bop": 2,
    "delta blues": 0,
    "chicago blues": 0,
    "soul jazz": 3,
    "bossa nova": 4
  },
  "The Pop Archipelago": {
    "pop": 415,
    "teen pop": 0,
    "dance-pop": 26,
    "europop": 19,
    "k-pop": 5,
    "j-pop": 23,
    "power pop": 9,
    "indie pop": 33,
    "dream pop": 9,
    "traditional pop": 1
  },
  "The Folk & Roots Plains": {
    "folk": 61,
    "country": 24,
    "bluegrass": 2,
    "americana": 2,
    "acoustic": 0,
    "singer-songwriter": 9,
    "celtic": 3,
    "flamenco": 2,
    "latin": 29,
    "gospel": 4
  },
  "The Tropical Pulse": {
    "afrobeats": 2,
    "reggae": 20,
    "ska": 5,
    "dub": 7,
    "rocksteady": 0,
    "dancehall": 2,
    "soca": 2,
    "reggaeton": 2,
    "calypso": 1,
    "zouk": 1,
    "merengue": 0,
    "bachata": 1
  },
  "The Metal Peaks": {
    "metal": 118,
    "heavy metal": 25,
    "black metal": 25,
    "death metal": 37,
    "thrash metal": 6,
    "doom metal": 10,
    "nu metal": 2,
    "sludge": 5,
    "gothic metal": 3,
    "power metal": 2,
    "metalcore": 9,
    "grindcore": 12
  },
  "The Avant-Garde Isles": {
    "classical": 76,
    "experimental": 113,
    "noise": 39,
    "avant-garde": 15,
    "modern classical": 3,
    "minimalism": 0,
    "drone": 16,
    "dark ambient": 15,
    "soundtrack": 15
  }
}