{
  "The Rock Shield": {
    "rock": 538,
    "punk": 136,
    "grunge": 5,
    "hard rock": 25,
    "alternative rock": 53,
    "psychedelic rock": 25,
    "progressive rock": 10,
    "indie": 101,
    "rock & roll": 34,
    "rockabilly": 18,
    "surf": 6,
    "garage rock": 15,
    "post-punk": 27,
    "new wave": 30,
    "britpop": 1,
    "shoegaze": 10,
    "emo": 11,
    "pop-punk": 12,
    "post-rock": 13,
    "stoner rock": 14,
    "hardcore": 53
  },
  "The Electronic Frontier": {
    "electronic": 580,
    "techno": 72,
    "house": 177,
    "trance": 70,
    "ambient": 93,
    "idm": 20,
    "drum and bass": 18,
    "jungle": 10,
    "dubstep": 13,
    "downtempo": 33,
    "synth-pop": 64,
    "electro": 98,
    "industrial": 33,
    "glitch": 5,
    "eurodance": 13,
    "hardstyle": 27,
    "synthwave": 10,
    "trip hop": 6,
    "breakbeat": 9,
    "vaporwave": 29,
    "chiptune": 14,
    "chillout": 8,
    "lounge": 2
  },
  "The Hip-Hop Basin": {
    "hip hop": 97,
    "trap": 9,
    "boom bap": 8,
    "gangsta rap": 1,
    "r&b": 9,
    "soul": 18,
    "funk": 20,
    "disco": 24,
    "motown": 0,
    "neo soul": 1,
    "g-funk": 1,
    "lo-fi": 28
  },
  "The Jazz & Blues Delta": {
    "jazz": 121,
    "blues": 33,
    "swing": 13,
    "bebop": 1,
    "cool jazz": 2,
    "fusion": 9,
    "ragtime": 0,
    "hard bop": 2,
    "delta blues": 0,
    "chicago blues": 0,
    "soul jazz": 3,
    "bossa nova": 1
  },
  "The Pop Archipelago": {
    "pop": 378,
    "teen pop": 1,
    "dance-pop": 16,
    "europop": 24,
    "k-pop": 2,
    "j-pop": 21,
    "power pop": 10,
    "indie pop": 23,
    "dream pop": 2,
    "traditional pop": 1
  },
  "The Folk & Roots Plains": {
    "folk": 57,
    "country": 24,
    "bluegrass": 1,
    "americana": 0,
    "acoustic": 0,
    "singer-songwriter": 7,
    "celtic": 3,
    "flamenco": 2,
    "latin": 28,
    "gospel": 1
  },
  "The Tropical Pulse": {
    "afrobeats": 2,
    "reggae": 21,
    "ska": 6,
    "dub": 14,
    "rocksteady": 0,
    "dancehall": 1,
    "soca": 1,
    "reggaeton": 2,
    "calypso": 0,
    "zouk": 0,
    "merengue": 0,
    "bachata": 1
  },
  "The Metal Peaks": {
    "metal": 118,
    "heavy metal": 25,
    "black metal": 22,
    "death metal": 42,
    "thrash metal": 7,
    "doom metal": 14,
    "nu metal": 1,
    "sludge": 5,
    "gothic metal": 2,
    "power metal": 6,
    "metalcore": 10,
    "grindcore": 13
  },
  "The Avant-Garde Isles": {
    "classical": 73,
    "experimental": 130,
    "noise": 31,
    "avant-garde": 16,
    "modern classical": 4,
    "minimalism": 0,
    "drone": 19,
    "dark ambient": 19,
    "soundtrack": 8
  }
}