{
  "The Rock Shield": {
    "rock": 488,
    "punk": 126,
    "grunge": 6,
    "hard rock": 25,
    "alternative rock": 48,
    "psychedelic rock": 22,
    "progressive rock": 10,
    "indie": 78,
    "rock & roll": 28,
    "rockabilly": 17,
    "surf": 6,
    "garage rock": 17,
    "post-punk": 18,
    "new wave": 25,
    "britpop": 1,
    "shoegaze": 11,
    "emo": 10,
    "pop-punk": 9,
    "post-rock": 12,
    "stoner rock": 7,
    "hardcore": 50
  },
  "The Electronic Frontier": {
    "electronic": 603,
    "techno": 90,
    "house": 188,
    "trance": 86,
    "ambient": 108,
    "idm": 18,
    "drum and bass": 19,
    "jungle": 6,
    "dubstep": 20,
    "downtempo": 52,
    "synth-pop": 66,
    "electro": 86,
    "industrial": 37,
    "glitch": 3,
    "eurodance": 11,
    "hardstyle": 24,
    "synthwave": 13,
    "trip hop": 9,
    "breakbeat": 14,
    "vaporwave": 29,
    "chiptune": 15,
    "chillout": 13,
    "lounge": 3
  },
  "The Hip-Hop Basin": {
    "hip hop": 100,
    "trap": 16,
    "boom bap": 12,
    "gangsta rap": 1,
    "r&b": 11,
    "soul": 16,
    "funk": 27,
    "disco": 33,
    "motown": 0,
    "neo soul": 2,
    "g-funk": 1,
    "lo-fi": 33
  },
  "The Jazz & Blues Delta": {
    "jazz": 145,
    "blues": 32,
    "swing": 10,
    "bebop": 1,
    "cool jazz": 2,
    "fusion": 9,
    "ragtime": 0,
    "hard bop": 2,
    "delta blues": 0,
    "chicago blues": 0,
    "soul jazz": 3,
    "bossa nova": 1
  },
  "The Pop Archipelago": {
    "pop": 375,
    "teen pop": 0,
    "dance-pop": 25,
    "europop": 16,
    "k-pop": 4,
    "j-pop": 13,
    "power pop": 9,
    "indie pop": 27,
    "dream pop": 3,
    "traditional pop": 1
  },
  "The Folk & Roots Plains": {
    "folk": 54,
    "country": 21,
    "bluegrass": 2,
    "americana": 2,
    "acoustic": 1,
    "singer-songwriter": 6,
    "celtic": 3,
    "flamenco": 2,
    "latin": 32,
    "gospel": 0
  },
  "The Tropical Pulse": {
    "afrobeats": 4,
    "reggae": 18,
    "ska": 4,
    "dub": 12,
    "rocksteady": 0,
    "dancehall": 4,
    "soca": 1,
    "reggaeton": 3,
    "calypso": 0,
    "zouk": 0,
    "merengue": 0,
    "bachata": 0
  },
  "The Metal Peaks": {
    "metal": 121,
    "heavy metal": 30,
    "black metal": 27,
    "death metal": 31,
    "thrash metal": 2,
    "doom metal": 12,
    "nu metal": 2,
    "sludge": 4,
    "gothic metal": 3,
    "power metal": 3,
    "metalcore": 17,
    "grindcore": 16
  },
  "The Avant-Garde Isles": {
    "classical": 80,
    "experimental": 131,
    "noise": 34,
    "avant-garde": 17,
    "modern classical": 10,
    "minimalism": 0,
    "drone": 19,
    "dark ambient": 16,
    "soundtrack": 11
  }
}