{
  "The Rock Shield": {
    "rock": 458,
    "punk": 122,
    "grunge": 6,
    "hard rock": 20,
    "alternative rock": 50,
    "psychedelic rock": 16,
    "progressive rock": 11,
    "indie": 78,
    "rock & roll": 32,
    "rockabilly": 19,
    "surf": 6,
    "garage rock": 13,
    "post-punk": 25,
    "new wave": 21,
    "britpop": 2,
    "shoegaze": 7,
    "emo": 14,
    "pop-punk": 9,
    "post-rock": 17,
    "stoner rock": 7,
    "hardcore": 36
  },
  "The Electronic Frontier": {
    "electronic": 525,
    "techno": 85,
    "house": 164,
    "trance": 68,
    "ambient": 100,
    "idm": 20,
    "drum and bass": 18,
    "jungle": 4,
    "dubstep": 13,
    "downtempo": 36,
    "synth-pop": 58,
    "electro": 79,
    "industrial": 40,
    "glitch": 2,
    "eurodance": 6,
    "hardstyle": 22,
    "synthwave": 11,
    "trip hop": 9,
    "breakbeat": 7,
    "vaporwave": 31,
    "chiptune": 12,
    "chillout": 12,
    "lounge": 1
  },
  "The Hip-Hop Basin": {
    "hip hop": 92,
    "trap": 10,
    "boom bap": 11,
    "gangsta rap": 1,
    "r&b": 10,
    "soul": 18,
    "funk": 20,
    "disco": 19,
    "motown": 0,
    "neo soul": 1,
    "g-funk": 1,
    "lo-fi": 39
  },
  "The Jazz & Blues Delta": {
    "jazz": 131,
    "blues": 28,
    "swing": 8,
    "bebop": 1,
    "cool jazz": 2,
    "fusion": 9,
    "ragtime": 0,
    "hard bop": 2,
    "delta blues": 0,
    "chicago blues": 0,
    "soul jazz": 2,
    "bossa nova": 1
  },
  "The Pop Archipelago": {
    "pop": 344,
    "teen pop": 0,
    "dance-pop": 14,
    "europop": 10,
    "k-pop": 3,
    "j-pop": 16,
    "power pop": 6,
    "indie pop": 25,
    "dream pop": 2,
    "traditional pop": 1
  },
  "The Folk & Roots Plains": {
    "folk": 44,
    "country": 21,
    "bluegrass": 1,
    "americana": 0,
    "acoustic": 3,
    "singer-songwriter": 6,
    "celtic": 4,
    "flamenco": 1,
    "latin": 36,
    "gospel": 0
  },
  "The Tropical Pulse": {
    "afrobeats": 1,
    "reggae": 18,
    "ska": 5,
    "dub": 12,
    "rocksteady": 0,
    "dancehall": 3,
    "soca": 1,
    "reggaeton": 6,
    "calypso": 0,
    "zouk": 1,
    "merengue": 0,
    "bachata": 1
  },
  "The Metal Peaks": {
    "metal": 117,
    "heavy metal": 34,
    "black metal": 23,
    "death metal": 29,
    "thrash metal": 5,
    "doom metal": 12,
    "nu metal": 3,
    "sludge": 5,
    "gothic metal": 0,
    "power metal": 5,
    "metalcore": 6,
    "grindcore": 11
  },
  "The Avant-Garde Isles": {
    "classical": 77,
    "experimental": 141,
    "noise": 43,
    "avant-garde": 14,
    "modern classical": 5,
    "minimalism": 0,
    "drone": 15,
    "dark ambient": 14,
    "soundtrack": 10
  }
}