{
  "The Rock Shield": {
    "rock": 483,
    "punk": 132,
    "grunge": 3,
    "hard rock": 23,
    "alternative rock": 55,
    "psychedelic rock": 25,
    "progressive rock": 15,
    "indie": 76,
    "rock & roll": 33,
    "rockabilly": 18,
    "surf": 7,
    "garage rock": 18,
    "post-punk": 25,
    "new wave": 21,
    "britpop": 0,
    "shoegaze": 10,
    "emo": 9,
    "pop-punk": 9,
    "post-rock": 12,
    "stoner rock": 10,
    "hardcore": 48
  },
  "The Electronic Frontier": {
    "electronic": 529,
    "techno": 72,
    "house": 141,
    "trance": 36,
    "ambient": 114,
    "idm": 18,
    "drum and bass": 19,
    "jungle": 8,
    "dubstep": 20,
    "downtempo": 37,
    "synth-pop": 54,
    "electro": 83,
    "industrial": 36,
    "glitch": 6,
    "eurodance": 4,
    "hardstyle": 16,
    "synthwave": 15,
    "trip hop": 8,
    "breakbeat": 9,
    "vaporwave": 33,
    "chiptune": 13,
    "chillout": 15,
    "lounge": 4
  },
  "The Hip-Hop Basin": {
    "hip hop": 109,
    "trap": 17,
    "boom bap": 12,
    "gangsta rap": 1,
    "r&b": 10,
    "soul": 23,
    "funk": 29,
    "disco": 32,
    "motown": 0,
    "neo soul": 5,
    "g-funk": 1,
    "lo-fi": 38
  },
  "The Jazz & Blues Delta": {
    "jazz": 142,
    "blues": 42,
    "swing": 9,
    "bebop": 2,
    "cool jazz": 2,
    "fusion": 10,
    "ragtime": 0,
    "hard bop": 2,
    "delta blues": 0,
    "chicago blues": 0,
    "soul jazz": 4,
    "bossa nova": 2
  },
  "The Pop Archipelago": {
    "pop": 377,
    "teen pop": 0,
    "dance-pop": 26,
    "europop": 13,
    "k-pop": 5,
    "j-pop": 24,
    "power pop": 7,
    "indie pop": 22,
    "dream pop": 4,
    "traditional pop": 1
  },
  "The Folk & Roots Plains": {
    "folk": 50,
    "country": 24,
    "bluegrass": 1,
    "americana": 4,
    "acoustic": 15,
    "singer-songwriter": 8,
    "celtic": 3,
    "flamenco": 1,
    "latin": 39,
    "gospel": 4
  },
  "The Tropical Pulse": {
    "afrobeats": 3,
    "reggae": 20,
    "ska": 7,
    "dub": 9,
    "rocksteady": 0,
    "dancehall": 5,
    "soca": 1,
    "reggaeton": 10,
    "calypso": 0,
    "zouk": 0,
    "merengue": 0,
    "bachata": 0
  },
  "The Metal Peaks": {
    "metal": 122,
    "heavy metal": 25,
    "black metal": 22,
    "death metal": 34,
    "thrash metal": 7,
    "doom metal": 20,
    "nu metal": 1,
    "sludge": 5,
    "gothic metal": 4,
    "power metal": 2,
    "metalcore": 11,
    "grindcore": 19
  },
  "The Avant-Garde Isles": {
    "classical": 81,
    "experimental": 147,
    "noise": 34,
    "avant-garde": 15,
    "modern classical": 6,
    "minimalism": 0,
    "drone": 29,
    "dark ambient": 19,
    "soundtrack": 12
  }
}