{
  "The Rock Shield": {
    "rock": 504,
    "punk": 135,
    "grunge": 6,
    "hard rock": 26,
    "alternative rock": 56,
    "psychedelic rock": 23,
    "progressive rock": 18,
    "indie": 84,
    "rock & roll": 33,
    "rockabilly": 16,
    "surf": 5,
    "garage rock": 20,
    "post-punk": 21,
    "new wave": 23,
    "britpop": 1,
    "shoegaze": 10,
    "emo": 12,
    "pop-punk": 17,
    "post-rock": 16,
    "stoner rock": 7,
    "hardcore": 44
  },
  "The Electronic Frontier": {
    "electronic": 521,
    "techno": 76,
    "house": 120,
    "trance": 31,
    "ambient": 102,
    "idm": 19,
    "drum and bass": 23,
    "jungle": 10,
    "dubstep": 19,
    "downtempo": 36,
    "synth-pop": 59,
    "electro": 57,
    "industrial": 36,
    "glitch": 3,
    "eurodance": 3,
    "hardstyle": 15,
    "synthwave": 17,
    "trip hop": 8,
    "breakbeat": 11,
    "vaporwave": 30,
    "chiptune": 11,
    "chillout": 15,
    "lounge": 2
  },
  "The Hip-Hop Basin": {
    "hip hop": 82,
    "trap": 11,
    "boom bap": 13,
    "gangsta rap": 1,
    "r&b": 13,
    "soul": 18,
    "funk": 24,
    "disco": 26,
    "motown": 0,
    "neo soul": 1,
    "g-funk": 1,
    "lo-fi": 34
  },
  "The Jazz & Blues Delta": {
    "jazz": 127,
    "blues": 33,
    "swing": 10,
    "bebop": 1,
    "cool jazz": 2,
    "fusion": 9,
    "ragtime": 0,
    "hard bop": 2,
    "delta blues": 0,
    "chicago blues": 1,
    "soul jazz": 3,
    "bossa nova": 1
  },
  "The Pop Archipelago": {
    "pop": 377,
    "teen pop": 0,
    "dance-pop": 19,
    "europop": 15,
    "k-pop": 3,
    "j-pop": 25,
    "power pop": 8,
    "indie pop": 24,
    "dream pop": 9,
    "traditional pop": 1
  },
  "The Folk & Roots Plains": {
    "folk": 58,
    "country": 26,
    "bluegrass": 2,
    "americana": 1,
    "acoustic": 5,
    "singer-songwriter": 11,
    "celtic": 1,
    "flamenco": 1,
    "latin": 41,
    "gospel": 1
  },
  "The Tropical Pulse": {
    "afrobeats": 1,
    "reggae": 13,
    "ska": 6,
    "dub": 6,
    "rocksteady": 0,
    "dancehall": 0,
    "soca": 1,
    "reggaeton": 10,
    "calypso": 0,
    "zouk": 1,
    "merengue": 0,
    "bachata": 0
  },
  "The Metal Peaks": {
    "metal": 126,
    "heavy metal": 22,
    "black metal": 25,
    "death metal": 33,
    "thrash metal": 15,
    "doom metal": 20,
    "nu metal": 2,
    "sludge": 8,
    "gothic metal": 0,
    "power metal": 6,
    "metalcore": 7,
    "grindcore": 18
  },
  "The Avant-Garde Isles": {
    "classical": 77,
    "experimental": 135,
    "noise": 43,
    "avant-garde": 11,
    "modern classical": 7,
    "minimalism": 0,
    "drone": 24,
    "dark ambient": 9,
    "soundtrack": 11
  }
}