{
	"The Rock Shield": {
		"rock": 446,
		"punk": 132,
		"grunge": 9,
		"hard rock": 30,
		"alternative rock": 67,
		"psychedelic rock": 23,
		"progressive rock": 20,
		"indie": 100,
		"rock & roll": 36,
		"rockabilly": 14,
		"surf": 4,
		"garage rock": 14,
		"post-punk": 20,
		"new wave": 22,
		"britpop": 7,
		"shoegaze": 8,
		"emo": 10,
		"pop-punk": 15,
		"post-rock": 17,
		"stoner rock": 11,
		"hardcore": 46
	},
	"The Electronic Frontier": {
		"electronic": 511,
		"techno": 84,
		"house": 112,
		"trance": 32,
		"ambient": 119,
		"idm": 27,
		"drum and bass": 31,
		"jungle": 12,
		"dubstep": 16,
		"downtempo": 37,
		"synth-pop": 58,
		"electro": 58,
		"industrial": 44,
		"glitch": 5,
		"eurodance": 6,
		"hardstyle": 13,
		"synthwave": 15,
		"trip hop": 6,
		"breakbeat": 8,
		"vaporwave": 31,
		"chiptune": 10,
		"chillout": 14,
		"lounge": 0
	},
	"The Hip-Hop Basin": {
		"hip hop": 84,
		"trap": 16,
		"boom bap": 12,
		"gangsta rap": 1,
		"r&b": 18,
		"soul": 27,
		"funk": 31,
		"disco": 32,
		"motown": 0,
		"neo soul": 5,
		"g-funk": 0,
		"lo-fi": 31
	},
	"The Jazz & Blues Delta": {
		"jazz": 115,
		"blues": 52,
		"swing": 8,
		"bebop": 2,
		"cool jazz": 4,
		"fusion": 6,
		"ragtime": 1,
		"hard bop": 4,
		"delta blues": 0,
		"chicago blues": 0,
		"soul jazz": 4,
		"bossa nova": 1
	},
	"The Pop Archipelago": {
		"pop": 352,
		"teen pop": 0,
		"dance-pop": 12,
		"europop": 12,
		"k-pop": 4,
		"j-pop": 15,
		"power pop": 9,
		"indie pop": 32,
		"dream pop": 6,
		"traditional pop": 3
	},
	"The Folk & Roots Plains": {
		"folk": 68,
		"country": 28,
		"bluegrass": 0,
		"americana": 4,
		"acoustic": 6,
		"singer-songwriter": 16,
		"celtic": 2,
		"flamenco": 0,
		"latin": 24,
		"gospel": 0
	},
	"The Tropical Pulse": {
		"afrobeats": 2,
		"reggae": 15,
		"ska": 4,
		"dub": 9,
		"rocksteady": 0,
		"dancehall": 5,
		"soca": 0,
		"reggaeton": 4,
		"calypso": 0,
		"zouk": 0,
		"merengue": 0,
		"bachata": 0
	},
	"The Metal Peaks": {
		"metal": 108,
		"heavy metal": 31,
		"black metal": 23,
		"death metal": 31,
		"thrash metal": 8,
		"doom metal": 6,
		"nu metal": 0,
		"sludge": 3,
		"gothic metal": 2,
		"power metal": 4,
		"metalcore": 8,
		"grindcore": 8
	},
	"The Avant-Garde Isles": {
		"classical": 60,
		"experimental": 164,
		"noise": 48,
		"avant-garde": 17,
		"modern classical": 4,
		"minimalism": 0,
		"drone": 21,
		"dark ambient": 16,
		"soundtrack": 12
	}
}