{
  "The Rock Shield": {
    "rock": 465,
    "punk": 109,
    "grunge": 4,
    "hard rock": 30,
    "alternative rock": 45,
    "psychedelic rock": 17,
    "progressive rock": 10,
    "indie": 88,
    "rock & roll": 35,
    "rockabilly": 17,
    "surf": 5,
    "garage rock": 13,
    "post-punk": 15,
    "new wave": 23,
    "britpop": 1,
    "shoegaze": 9,
    "emo": 12,
    "pop-punk": 18,
    "post-rock": 12,
    "stoner rock": 8,
    "hardcore": 34
  },
  "The Electronic Frontier": {
    "electronic": 491,
    "techno": 73,
    "house": 99,
    "trance": 36,
    "ambient": 108,
    "idm": 16,
    "drum and bass": 23,
    "jungle": 8,
    "dubstep": 14,
    "downtempo": 45,
    "synth-pop": 51,
    "electro": 49,
    "industrial": 39,
    "glitch": 0,
    "eurodance": 2,
    "hardstyle": 7,
    "synthwave": 10,
    "trip hop": 7,
    "breakbeat": 8,
    "vaporwave": 35,
    "chiptune": 9,
    "chillout": 14,
    "lounge": 2
  },
  "The Hip-Hop Basin": {
    "hip hop": 95,
    "trap": 15,
    "boom bap": 17,
    "gangsta rap": 1,
    "r&b": 25,
    "soul": 32,
    "funk": 34,
    "disco": 26,
    "motown": 0,
    "neo soul": 5,
    "g-funk": 1,
    "lo-fi": 43
  },
  "The Jazz & Blues Delta": {
    "jazz": 143,
    "blues": 35,
    "swing": 10,
    "bebop": 1,
    "cool jazz": 2,
    "fusion": 12,
    "ragtime": 0,
    "hard bop": 2,
    "delta blues": 0,
    "chicago blues": 0,
    "soul jazz": 3,
    "bossa nova": 1
  },
  "The Pop Archipelago": {
    "pop": 422,
    "teen pop": 1,
    "dance-pop": 22,
    "europop": 15,
    "k-pop": 4,
    "j-pop": 26,
    "power pop": 9,
    "indie pop": 24,
    "dream pop": 8,
    "traditional pop": 3
  },
  "The Folk & Roots Plains": {
    "folk": 59,
    "country": 31,
    "bluegrass": 1,
    "americana": 4,
    "acoustic": 2,
    "singer-songwriter": 14,
    "celtic": 1,
    "flamenco": 1,
    "latin": 41,
    "gospel": 1
  },
  "The Tropical Pulse": {
    "afrobeats": 1,
    "reggae": 18,
    "ska": 6,
    "dub": 9,
    "rocksteady": 0,
    "dancehall": 4,
    "soca": 1,
    "reggaeton": 4,
    "calypso": 0,
    "zouk": 0,
    "merengue": 0,
    "bachata": 0
  },
  "The Metal Peaks": {
    "metal": 101,
    "heavy metal": 34,
    "black metal": 16,
    "death metal": 27,
    "thrash metal": 6,
    "doom metal": 6,
    "nu metal": 2,
    "sludge": 1,
    "gothic metal": 2,
    "power metal": 3,
    "metalcore": 11,
    "grindcore": 9
  },
  "The Avant-Garde Isles": {
    "classical": 71,
    "experimental": 134,
    "noise": 33,
    "avant-garde": 17,
    "modern classical": 4,
    "minimalism": 0,
    "drone": 25,
    "dark ambient": 17,
    "soundtrack": 12
  }
}