{
  "The Rock Shield": {
    "rock": 389,
    "punk": 98,
    "grunge": 5,
    "hard rock": 19,
    "alternative rock": 48,
    "psychedelic rock": 16,
    "progressive rock": 12,
    "indie": 60,
    "rock & roll": 33,
    "rockabilly": 18,
    "surf": 6,
    "garage rock": 12,
    "post-punk": 16,
    "new wave": 26,
    "britpop": 2,
    "shoegaze": 6,
    "emo": 9,
    "pop-punk": 10,
    "post-rock": 7,
    "stoner rock": 3,
    "hardcore": 39
  },
  "The Electronic Frontier": {
    "electronic": 411,
    "techno": 61,
    "house": 85,
    "trance": 27,
    "ambient": 93,
    "idm": 16,
    "drum and bass": 27,
    "jungle": 8,
    "dubstep": 10,
    "downtempo": 44,
    "synth-pop": 48,
    "electro": 47,
    "industrial": 36,
    "glitch": 4,
    "eurodance": 1,
    "hardstyle": 12,
    "synthwave": 10,
    "trip hop": 6,
    "breakbeat": 9,
    "vaporwave": 31,
    "chiptune": 7,
    "chillout": 14,
    "lounge": 3
  },
  "The Hip-Hop Basin": {
    "hip hop": 104,
    "trap": 13,
    "boom bap": 24,
    "gangsta rap": 1,
    "r&b": 24,
    "soul": 32,
    "funk": 39,
    "disco": 31,
    "motown": 1,
    "neo soul": 4,
    "g-funk": 1,
    "lo-fi": 53
  },
  "The Jazz & Blues Delta": {
    "jazz": 117,
    "blues": 29,
    "swing": 9,
    "bebop": 1,
    "cool jazz": 2,
    "fusion": 8,
    "ragtime": 0,
    "hard bop": 2,
    "delta blues": 0,
    "chicago blues": 0,
    "soul jazz": 2,
    "bossa nova": 1
  },
  "The Pop Archipelago": {
    "pop": 323,
    "teen pop": 1,
    "dance-pop": 16,
    "europop": 12,
    "k-pop": 3,
    "j-pop": 20,
    "power pop": 10,
    "indie pop": 14,
    "dream pop": 5,
    "traditional pop": 3
  },
  "The Folk & Roots Plains": {
    "folk": 54,
    "country": 31,
    "bluegrass": 1,
    "americana": 2,
    "acoustic": 2,
    "singer-songwriter": 10,
    "celtic": 4,
    "flamenco": 1,
    "latin": 26,
    "gospel": 1
  },
  "The Tropical Pulse": {
    "afrobeats": 3,
    "reggae": 9,
    "ska": 2,
    "dub": 9,
    "rocksteady": 0,
    "dancehall": 5,
    "soca": 0,
    "reggaeton": 4,
    "calypso": 0,
    "zouk": 0,
    "merengue": 0,
    "bachata": 0
  },
  "The Metal Peaks": {
    "metal": 81,
    "heavy metal": 28,
    "black metal": 9,
    "death metal": 21,
    "thrash metal": 1,
    "doom metal": 5,
    "nu metal": 1,
    "sludge": 3,
    "gothic metal": 3,
    "power metal": 9,
    "metalcore": 6,
    "grindcore": 8
  },
  "The Avant-Garde Isles": {
    "classical": 77,
    "experimental": 119,
    "noise": 26,
    "avant-garde": 13,
    "modern classical": 5,
    "minimalism": 0,
    "drone": 16,
    "dark ambient": 12,
    "soundtrack": 10
  }
}