{
  "The Rock Shield": {
    "rock": 390,
    "punk": 110,
    "grunge": 5,
    "hard rock": 22,
    "alternative rock": 47,
    "psychedelic rock": 9,
    "progressive rock": 13,
    "indie": 64,
    "rock & roll": 32,
    "rockabilly": 16,
    "surf": 5,
    "garage rock": 11,
    "post-punk": 20,
    "new wave": 21,
    "britpop": 1,
    "shoegaze": 8,
    "emo": 12,
    "pop-punk": 15,
    "post-rock": 12,
    "stoner rock": 5,
    "hardcore": 37
  },
  "The Electronic Frontier": {
    "electronic": 393,
    "techno": 70,
    "house": 79,
    "trance": 23,
    "ambient": 89,
    "idm": 18,
    "drum and bass": 16,
    "jungle": 9,
    "dubstep": 8,
    "downtempo": 51,
    "synth-pop": 56,
    "electro": 45,
    "industrial": 43,
    "glitch": 1,
    "eurodance": 0,
    "hardstyle": 13,
    "synthwave": 12,
    "trip hop": 5,
    "breakbeat": 10,
    "vaporwave": 36,
    "chiptune": 7,
    "chillout": 7,
    "lounge": 1
  },
  "The Hip-Hop Basin": {
    "hip hop": 116,
    "trap": 13,
    "boom bap": 29,
    "gangsta rap": 1,
    "r&b": 22,
    "soul": 24,
    "funk": 35,
    "disco": 26,
    "motown": 0,
    "neo soul": 1,
    "g-funk": 1,
    "lo-fi": 49
  },
  "The Jazz & Blues Delta": {
    "jazz": 124,
    "blues": 35,
    "swing": 11,
    "bebop": 1,
    "cool jazz": 2,
    "fusion": 8,
    "ragtime": 0,
    "hard bop": 3,
    "delta blues": 0,
    "chicago blues": 0,
    "soul jazz": 2,
    "bossa nova": 2
  },
  "The Pop Archipelago": {
    "pop": 317,
    "teen pop": 2,
    "dance-pop": 20,
    "europop": 15,
    "k-pop": 4,
    "j-pop": 16,
    "power pop": 12,
    "indie pop": 22,
    "dream pop": 7,
    "traditional pop": 3
  },
  "The Folk & Roots Plains": {
    "folk": 48,
    "country": 32,
    "bluegrass": 0,
    "americana": 3,
    "acoustic": 1,
    "singer-songwriter": 12,
    "celtic": 2,
    "flamenco": 1,
    "latin": 21,
    "gospel": 0
  },
  "The Tropical Pulse": {
    "afrobeats": 2,
    "reggae": 11,
    "ska": 4,
    "dub": 5,
    "rocksteady": 0,
    "dancehall": 2,
    "soca": 1,
    "reggaeton": 4,
    "calypso": 0,
    "zouk": 0,
    "merengue": 0,
    "bachata": 0
  },
  "The Metal Peaks": {
    "metal": 81,
    "heavy metal": 22,
    "black metal": 11,
    "death metal": 26,
    "thrash metal": 6,
    "doom metal": 7,
    "nu metal": 2,
    "sludge": 2,
    "gothic metal": 4,
    "power metal": 2,
    "metalcore": 13,
    "grindcore": 7
  },
  "The Avant-Garde Isles": {
    "classical": 72,
    "experimental": 96,
    "noise": 30,
    "avant-garde": 10,
    "modern classical": 4,
    "minimalism": 0,
    "drone": 16,
    "dark ambient": 11,
    "soundtrack": 10
  }
}