{
  "The Rock Shield": {
    "rock": 365,
    "punk": 99,
    "grunge": 10,
    "hard rock": 27,
    "alternative rock": 59,
    "psychedelic rock": 12,
    "progressive rock": 18,
    "indie": 65,
    "rock & roll": 33,
    "rockabilly": 16,
    "surf": 6,
    "garage rock": 11,
    "post-punk": 21,
    "new wave": 26,
    "britpop": 0,
    "shoegaze": 10,
    "emo": 8,
    "pop-punk": 9,
    "post-rock": 7,
    "stoner rock": 4,
    "hardcore": 32
  },
  "The Electronic Frontier": {
    "electronic": 376,
    "techno": 69,
    "house": 82,
    "trance": 23,
    "ambient": 88,
    "idm": 14,
    "drum and bass": 13,
    "jungle": 6,
    "dubstep": 7,
    "downtempo": 41,
    "synth-pop": 59,
    "electro": 52,
    "industrial": 33,
    "glitch": 1,
    "eurodance": 0,
    "hardstyle": 7,
    "synthwave": 8,
    "trip hop": 10,
    "breakbeat": 8,
    "vaporwave": 37,
    "chiptune": 7,
    "chillout": 12,
    "lounge": 4
  },
  "The Hip-Hop Basin": {
    "hip hop": 96,
    "trap": 14,
    "boom bap": 16,
    "gangsta rap": 1,
    "r&b": 25,
    "soul": 23,
    "funk": 24,
    "disco": 26,
    "motown": 0,
    "neo soul": 2,
    "g-funk": 1,
    "lo-fi": 36
  },
  "The Jazz & Blues Delta": {
    "jazz": 115,
    "blues": 33,
    "swing": 13,
    "bebop": 1,
    "cool jazz": 2,
    "fusion": 8,
    "ragtime": 0,
    "hard bop": 3,
    "delta blues": 0,
    "chicago blues": 0,
    "soul jazz": 4,
    "bossa nova": 1
  },
  "The Pop Archipelago": {
    "pop": 302,
    "teen pop": 1,
    "dance-pop": 22,
    "europop": 13,
    "k-pop": 2,
    "j-pop": 14,
    "power pop": 9,
    "indie pop": 22,
    "dream pop": 6,
    "traditional pop": 2
  },
  "The Folk & Roots Plains": {
    "folk": 45,
    "country": 27,
    "bluegrass": 0,
    "americana": 4,
    "acoustic": 1,
    "singer-songwriter": 17,
    "celtic": 2,
    "flamenco": 1,
    "latin": 23,
    "gospel": 0
  },
  "The Tropical Pulse": {
    "afrobeats": 3,
    "reggae": 12,
    "ska": 3,
    "dub": 3,
    "rocksteady": 0,
    "dancehall": 3,
    "soca": 0,
    "reggaeton": 4,
    "calypso": 0,
    "zouk": 0,
    "merengue": 0,
    "bachata": 0
  },
  "The Metal Peaks": {
    "metal": 72,
    "heavy metal": 24,
    "black metal": 11,
    "death metal": 21,
    "thrash metal": 3,
    "doom metal": 2,
    "nu metal": 5,
    "sludge": 3,
    "gothic metal": 2,
    "power metal": 0,
    "metalcore": 6,
    "grindcore": 7
  },
  "The Avant-Garde Isles": {
    "classical": 70,
    "experimental": 97,
    "noise": 34,
    "avant-garde": 13,
    "modern classical": 3,
    "minimalism": 1,
    "drone": 17,
    "dark ambient": 17,
    "soundtrack": 16
  }
}