{
  "The Rock Shield": {
    "rock": 260,
    "punk": 63,
    "grunge": 4,
    "hard rock": 19,
    "alternative rock": 30,
    "psychedelic rock": 9,
    "progressive rock": 13,
    "indie": 39,
    "rock & roll": 29,
    "rockabilly": 16,
    "surf": 5,
    "garage rock": 10,
    "post-punk": 11,
    "new wave": 20,
    "britpop": 1,
    "shoegaze": 3,
    "emo": 6,
    "pop-punk": 6,
    "post-rock": 5,
    "stoner rock": 4,
    "hardcore": 25
  },
  "The Electronic Frontier": {
    "electronic": 275,
    "techno": 55,
    "house": 56,
    "trance": 14,
    "ambient": 60,
    "idm": 13,
    "drum and bass": 15,
    "jungle": 6,
    "dubstep": 7,
    "downtempo": 25,
    "synth-pop": 36,
    "electro": 30,
    "industrial": 20,
    "glitch": 2,
    "eurodance": 2,
    "hardstyle": 6,
    "synthwave": 6,
    "trip hop": 5,
    "breakbeat": 7,
    "vaporwave": 34,
    "chiptune": 6,
    "chillout": 7,
    "lounge": 1
  },
  "The Hip-Hop Basin": {
    "hip hop": 46,
    "trap": 6,
    "boom bap": 8,
    "gangsta rap": 1,
    "r&b": 9,
    "soul": 12,
    "funk": 17,
    "disco": 16,
    "motown": 0,
    "neo soul": 1,
    "g-funk": 1,
    "lo-fi": 28
  },
  "The Jazz & Blues Delta": {
    "jazz": 103,
    "blues": 19,
    "swing": 10,
    "bebop": 1,
    "cool jazz": 2,
    "fusion": 10,
    "ragtime": 0,
    "hard bop": 2,
    "delta blues": 0,
    "chicago blues": 0,
    "soul jazz": 2,
    "bossa nova": 1
  },
  "The Pop Archipelago": {
    "pop": 204,
    "teen pop": 1,
    "dance-pop": 6,
    "europop": 10,
    "k-pop": 1,
    "j-pop": 12,
    "power pop": 6,
    "indie pop": 12,
    "dream pop": 1,
    "traditional pop": 2
  },
  "The Folk & Roots Plains": {
    "folk": 27,
    "country": 14,
    "bluegrass": 0,
    "americana": 0,
    "acoustic": 2,
    "singer-songwriter": 5,
    "celtic": 1,
    "flamenco": 1,
    "latin": 22,
    "gospel": 0
  },
  "The Tropical Pulse": {
    "afrobeats": 1,
    "reggae": 7,
    "ska": 2,
    "dub": 5,
    "rocksteady": 0,
    "dancehall": 0,
    "soca": 0,
    "reggaeton": 3,
    "calypso": 0,
    "zouk": 0,
    "merengue": 0,
    "bachata": 0
  },
  "The Metal Peaks": {
    "metal": 46,
    "heavy metal": 10,
    "black metal": 6,
    "death metal": 13,
    "thrash metal": 1,
    "doom metal": 2,
    "nu metal": 0,
    "sludge": 1,
    "gothic metal": 0,
    "power metal": 0,
    "metalcore": 6,
    "grindcore": 6
  },
  "The Avant-Garde Isles": {
    "classical": 64,
    "experimental": 76,
    "noise": 21,
    "avant-garde": 11,
    "modern classical": 2,
    "minimalism": 0,
    "drone": 9,
    "dark ambient": 9,
    "soundtrack": 8
  }
}